"","user.self","sys.self","elapsed","user.child","sys.child","Model"
"binom.rf.time","0.0779999999999998","0.00700000000000001","0.170999999999999","0","0","BinomialRF"
"boruta.time","2.764","0.114","3.35","0","0","Boruta"
"vsurf.time","1.129","0.338","51.443","0.01","0.014","VSURF"
"varselrf.time","2.263","0.022","4.36199999999999","0","0","VarSelRF"
"pimp.time","0.0120000000000005","0.021","10.017","7.6","0.41","PIMP"
"aucrf.time","0.41","0.027","0.790999999999997","0","0","AUCRF"
"efs.time","6.308","0.16","8.804","0","0","EFS"
"rfe.time","0.115000000000002","0.00800000000000001","0.168000000000006","0","0","RFE"
"vita.time","0.294","0.0239999999999999","0.527000000000001","0","0","Vita"
"perm.time","0.0850000000000009","0.002","0.134","0","0","Perm"
"binom.rf.time1","0.0800000000000001","0.00700000000000001","0.218","0","0","BinomialRF"
"boruta.time1","1.179","0.047","0.725999999999999","0","0","Boruta"
"vsurf.time1","1.107","0.339","49.555","0.011","0.015","VSURF"
"varselrf.time1","2.144","0.023","4.081","0","0","VarSelRF"
"pimp.time1","0.0129999999999999","0.0229999999999999","13.688","7.672","0.45","PIMP"
"aucrf.time1","0.419","0.029","0.725000000000009","0","0","AUCRF"
"efs.time1","5.973","0.158","8.538","0","0","EFS"
"rfe.time1","0.113000000000003","0.00600000000000001","0.158000000000001","0","0","RFE"
"vita.time1","0.274","0.02","0.919000000000011","0","0","Vita"
"perm.time1","0.0899999999999999","0.005","0.176000000000002","0","0","Perm"
"binom.rf.time2","0.0780000000000003","0.00600000000000001","0.222","0","0","BinomialRF"
"boruta.time2","6.858","0.339","7.229","0","0","Boruta"
"vsurf.time2","1.108","0.338","50.399","0.011","0.016","VSURF"
"varselrf.time2","2.246","0.024","4.523","0","0","VarSelRF"
"pimp.time2","0.011000000000001","0.0209999999999999","8.75700000000001","7.627","0.404","PIMP"
"aucrf.time2","0.390000000000001","0.02","0.72999999999999","0","0","AUCRF"
"efs.time2","6.082","0.162","8.29100000000001","0","0","EFS"
"rfe.time2","0.109000000000002","0.00600000000000023","0.152999999999992","0","0","RFE"
"vita.time2","0.279","0.0189999999999999","0.316000000000003","0","0","Vita"
"perm.time2","0.0869999999999997","0.002","0.138000000000005","0","0","Perm"
"binom.rf.time3","0.077","0.005","0.16","0","0","BinomialRF"
"boruta.time3","1.158","0.048","1.094","0","0","Boruta"
"vsurf.time3","1.119","0.34","50.612","0.01","0.013","VSURF"
"varselrf.time3","2.205","0.021","4.18900000000001","0","0","VarSelRF"
"pimp.time3","0.0140000000000002","0.024","12.648","7.568","0.44","PIMP"
"aucrf.time3","0.443","0.033","0.777000000000001","0","0","AUCRF"
"efs.time3","6.182","0.16","8.72500000000001","0","0","EFS"
"rfe.time3","0.113","0.00700000000000001","0.150000000000006","0","0","RFE"
"vita.time3","0.286","0.022","0.819000000000003","0","0","Vita"
"perm.time3","0.0849999999999991","0.003","0.143000000000001","0","0","Perm"
"binom.rf.time4","0.0309999999999988","0.00100000000000011","0.0490000000000066","0","0","BinomialRF"
"boruta.time4","6.7","0.375","3.87299999999999","0","0","Boruta"
"vsurf.time4","5.175","0.371","52.06","0.00999999999999979","0.012","VSURF"
"varselrf.time4","2.06","0.0089999999999999","2.791","0","0","VarSelRF"
"pimp.time4","0.0109999999999992","0.0179999999999998","6.69299999999998","7.682","0.496","PIMP"
"aucrf.time4","0.227000000000004","0.0169999999999999","0.372000000000014","0","0","AUCRF"
"efs.time4","5.891","0.158","11.57","0","0","EFS"
"rfe.time4","0.107999999999997","0.00499999999999989","0.304000000000002","0","0","RFE"
"vita.time4","0.273","0.0209999999999999","0.769000000000005","0","0","Vita"
"perm.time4","0.0870000000000033","0.00299999999999989","0.111999999999995","0","0","Perm"
"binom.rf.time5","0.0350000000000001","0.001","0.0660000000000025","0","0","BinomialRF"
"boruta.time5","1.637","0.0630000000000002","0.733000000000004","0","0","Boruta"
"vsurf.time5","4.43","0.306","48.952","0.00999999999999979","0.014","VSURF"
"varselrf.time5","2.188","0.0229999999999999","5.44399999999999","0","0","VarSelRF"
"pimp.time5","0.00900000000000034","0.0110000000000001","7.64400000000001","5.735","0.35","PIMP"
"aucrf.time5","0.233000000000001","0.0169999999999999","0.324000000000012","0","0","AUCRF"
"efs.time5","6.04","0.156","10.694","0","0","EFS"
"rfe.time5","0.115000000000002","0.00500000000000012","0.313000000000017","0","0","RFE"
"vita.time5","0.291","0.028","1.15000000000001","0","0","Vita"
"perm.time5","0.0850000000000009","0.00300000000000011","0.10499999999999","0","0","Perm"
"binom.rf.time6","0.0330000000000013","0.00099999999999989","0.0599999999999881","0","0","BinomialRF"
"boruta.time6","3.059","0.126","1.774","0","0","Boruta"
"vsurf.time6","0.989000000000001","0.03","38.528","0.0110000000000001","0.014","VSURF"
"varselrf.time6","2.226","0.0219999999999998","8.52100000000002","0","0","VarSelRF"
"pimp.time6","0.00900000000000034","0.00800000000000001","6.148","5.715","0.315","PIMP"
"aucrf.time6","0.253","0.0209999999999999","0.989000000000004","0","0","AUCRF"
"efs.time6","6.152","0.165","10.329","0","0","EFS"
"rfe.time6","0.115000000000002","0.00600000000000001","0.169999999999987","0","0","RFE"
"vita.time6","0.308","0.0269999999999999","0.525999999999982","0","0","Vita"
"perm.time6","0.0889999999999986","0.004","0.254999999999995","0","0","Perm"
"binom.rf.time7","0.032","0.00100000000000011","0.102000000000004","0","0","BinomialRF"
"boruta.time7","0.864000000000001","0.0389999999999999","0.418000000000006","0","0","Boruta"
"vsurf.time7","0.968","0.03","37.178","0.00999999999999979","0.013","VSURF"
"varselrf.time7","2.171","0.0220000000000002","6.708","0","0","VarSelRF"
"pimp.time7","0.00799999999999912","0.00700000000000012","7.334","5.709","0.323","PIMP"
"aucrf.time7","0.238000000000003","0.02","0.944999999999993","0","0","AUCRF"
"efs.time7","5.878","0.17","11.517","0","0","EFS"
"rfe.time7","0.106999999999999","0.004","0.139999999999986","0","0","RFE"
"vita.time7","0.292999999999999","0.026","0.725999999999999","0","0","Vita"
"perm.time7","0.0899999999999999","0.004","0.353000000000009","0","0","Perm"
"binom.rf.time8","0.0310000000000024","0.00100000000000011","0.0409999999999968","0","0","BinomialRF"
"boruta.time8","7.264","0.31","3.267","0","0","Boruta"
"vsurf.time8","5.34","0.35","46.881","0.0109999999999992","0.013","VSURF"
"varselrf.time8","2.189","0.00700000000000012","3.14099999999999","0","0","VarSelRF"
"pimp.time8","0.00799999999999557","0.00700000000000012","5.40700000000001","3.812","0.239","PIMP"
"aucrf.time8","0.247","0.0169999999999999","0.293000000000006","0","0","AUCRF"
"efs.time8","6.256","0.154","9.25","0","0","EFS"
"rfe.time8","0.114000000000004","0.00499999999999989","0.300000000000011","0","0","RFE"
"vita.time8","0.298999999999999","0.024","0.707999999999998","0","0","Vita"
"perm.time8","0.088000000000001","0.00300000000000011","0.105000000000018","0","0","Perm"
"binom.rf.time9","0.0330000000000013","0.00100000000000011","0.346000000000004","0","0","BinomialRF"
"boruta.time9","1.442","0.036","0.643000000000001","0","0","Boruta"
"vsurf.time9","0.983999999999995","0.0289999999999999","33.982","0.00999999999999979","0.014","VSURF"
"varselrf.time9","2.164","0.0149999999999999","6.12299999999999","0","0","VarSelRF"
"pimp.time9","0.00900000000000034","0.0180000000000002","5.75800000000001","7.582","0.405","PIMP"
"aucrf.time9","0.247999999999998","0.0169999999999999","0.780000000000001","0","0","AUCRF"
"efs.time9","6.492","0.142","10.873","0","0","EFS"
"rfe.time9","0.116","0.00599999999999978","0.22999999999999","0","0","RFE"
"vita.time9","0.300000000000004","0.0249999999999999","0.695999999999998","0","0","Vita"
"perm.time9","0.0890000000000057","0.00299999999999989","0.228999999999985","0","0","Perm"
"binom.rf.time10","0.0309999999999988","0","0.0760000000000218","0","0","BinomialRF"
"boruta.time10","2.461","0.0920000000000001","1.10900000000001","0","0","Boruta"
"vsurf.time10","4.388","0.288","44.569","0.00999999999999979","0.014","VSURF"
"varselrf.time10","2.145","0.00699999999999967","2.36000000000001","0","0","VarSelRF"
"pimp.time10","0.00900000000000034","0.00700000000000012","4.40099999999998","3.806","0.194","PIMP"
"aucrf.time10","0.238","0.016","0.259999999999991","0","0","AUCRF"
"efs.time10","6.243","0.161","10.95","0","0","EFS"
"rfe.time10","0.113","0.00499999999999989","0.295999999999992","0","0","RFE"
"vita.time10","0.297000000000004","0.0249999999999999","0.336999999999989","0","0","Vita"
"perm.time10","0.0899999999999963","0.00299999999999967","0.106999999999999","0","0","Perm"
"binom.rf.time11","0.0300000000000011","0","0.054000000000002","0","0","BinomialRF"
"boruta.time11","2.032","0.0949999999999998","0.889999999999986","0","0","Boruta"
"vsurf.time11","0.958999999999996","0.028","33.999","0.00999999999999979","0.012","VSURF"
"varselrf.time11","2.15","0.00500000000000034","4.798","0","0","VarSelRF"
"pimp.time11","0.00800000000000267","0.016","6.08800000000002","7.596","0.387","PIMP"
"aucrf.time11","0.247","0.0169999999999999","0.313999999999993","0","0","AUCRF"
"efs.time11","6.239","0.15","8.35399999999998","0","0","EFS"
"rfe.time11","0.116999999999997","0.00699999999999967","0.198000000000008","0","0","RFE"
"vita.time11","0.301000000000002","0.0249999999999999","0.841999999999985","0","0","Vita"
"perm.time11","0.0899999999999963","0.00300000000000011","0.102000000000004","0","0","Perm"
"binom.rf.time12","0.029999999999994","0","0.046999999999997","0","0","BinomialRF"
"boruta.time12","7.265","0.329","4.22899999999998","0","0","Boruta"
"vsurf.time12","2.907","0.192","32.077","0.00999999999999801","0.012","VSURF"
"varselrf.time12","2.221","0.012","2.899","0","0","VarSelRF"
"pimp.time12","0.00900000000000034","0.0209999999999999","7.76999999999998","7.563","0.415","PIMP"
"aucrf.time12","0.245000000000005","0.0169999999999999","0.322999999999979","0","0","AUCRF"
"efs.time12","6.395","0.181","15.481","0","0","EFS"
"rfe.time12","0.117000000000004","0.00499999999999989","0.161000000000001","0","0","RFE"
"vita.time12","0.302","0.024","0.558999999999969","0","0","Vita"
"perm.time12","0.0889999999999986","0.00199999999999978","0.101999999999975","0","0","Perm"
"binom.rf.time13","0.0300000000000011","0.00099999999999989","0.125","0","0","BinomialRF"
"boruta.time13","1.642","0.052","1.10700000000003","0","0","Boruta"
"vsurf.time13","0.953000000000003","0.0230000000000001","27.119","0.0100000000000016","0.012","VSURF"
"varselrf.time13","2.145","0.0089999999999999","2.89400000000001","0","0","VarSelRF"
"pimp.time13","0.00900000000000034","0.0179999999999998","7.96899999999999","7.487","0.419","PIMP"
"aucrf.time13","0.243000000000002","0.0169999999999999","0.379999999999995","0","0","AUCRF"
"efs.time13","6.248","0.174","15.203","0","0","EFS"
"rfe.time13","0.116","0.00700000000000012","0.163999999999987","0","0","RFE"
"vita.time13","0.300000000000004","0.0289999999999999","1.12799999999999","0","0","Vita"
"perm.time13","0.0889999999999986","0.004","0.117999999999995","0","0","Perm"
"binom.rf.time14","0.0310000000000059","0.00100000000000033","0.0759999999999934","0","0","BinomialRF"
"boruta.time14","2.72799999999999","0.115","1.214","0","0","Boruta"
"vsurf.time14","4.697","0.298","42.034","0.00999999999999801","0.0130000000000001","VSURF"
"varselrf.time14","2.162","0.0139999999999998","4.41699999999997","0","0","VarSelRF"
"pimp.time14","0.00800000000000267","0.0139999999999998","5.85000000000002","7.518","0.437","PIMP"
"aucrf.time14","0.245999999999995","0.02","0.341000000000008","0","0","AUCRF"
"efs.time14","6.246","0.169","14.625","0","0","EFS"
"rfe.time14","0.114999999999995","0.00500000000000034","0.322000000000003","0","0","RFE"
"vita.time14","0.292999999999999","0.0259999999999998","0.954000000000008","0","0","Vita"
"perm.time14","0.0870000000000033","0.00299999999999967","0.114000000000033","0","0","Perm"
"binom.rf.time15","0.0309999999999988","0","0.179999999999978","0","0","BinomialRF"
"boruta.time15","2.857","0.13","1.77999999999997","0","0","Boruta"
"vsurf.time15","5.421","0.359","44.043","0.0110000000000028","0.0130000000000001","VSURF"
"varselrf.time15","2.21","0.02","3.10599999999999","0","0","VarSelRF"
"pimp.time15","0.00900000000000034","0.0170000000000003","4.714","7.57","0.416","PIMP"
"aucrf.time15","0.246000000000002","0.0209999999999999","0.759999999999991","0","0","AUCRF"
"efs.time15","6.28899999999999","0.171","16.54","0","0","EFS"
"rfe.time15","0.117000000000004","0.00600000000000023","0.373999999999967","0","0","RFE"
"vita.time15","0.295999999999999","0.0270000000000001","0.517999999999972","0","0","Vita"
"perm.time15","0.0859999999999985","0.00299999999999967","0.170999999999992","0","0","Perm"
"binom.rf.time16","0.0330000000000013","0.00099999999999989","0.0910000000000082","0","0","BinomialRF"
"boruta.time16","7.00399999999999","0.351","4.065","0","0","Boruta"
"vsurf.time16","2.991","0.194","36.95","0.0109999999999992","0.014","VSURF"
"varselrf.time16","2.247","0.016","4.95400000000001","0","0","VarSelRF"
"pimp.time16","0.00900000000000034","0.0150000000000001","9.44099999999997","7.686","0.522","PIMP"
"aucrf.time16","0.248999999999995","0.0190000000000001","0.612000000000023","0","0","AUCRF"
"efs.time16","6.357","0.181","20.97","0","0","EFS"
"rfe.time16","0.114000000000004","0.00599999999999978","0.198999999999955","0","0","RFE"
"vita.time16","0.295999999999992","0.024","1.00600000000003","0","0","Vita"
"perm.time16","0.0880000000000081","0.00300000000000011","0.189000000000021","0","0","Perm"
"binom.rf.time17","0.0330000000000013","0.00100000000000033","0.115000000000009","0","0","BinomialRF"
"boruta.time17","6.61999999999999","0.326","4.21899999999999","0","0","Boruta"
"vsurf.time17","3.071","0.208","38.571","0.0109999999999992","0.0129999999999999","VSURF"
"varselrf.time17","2.21899999999999","0.0190000000000001","4.90300000000002","0","0","VarSelRF"
"pimp.time17","0.00900000000000034","0.0180000000000002","8.16300000000001","7.566","0.42","PIMP"
"aucrf.time17","0.239999999999995","0.0169999999999999","0.310000000000002","0","0","AUCRF"
"efs.time17","6.15700000000001","0.179","20.77","0","0","EFS"
"rfe.time17","0.115000000000009","0.00599999999999978","0.202999999999975","0","0","RFE"
"vita.time17","0.295000000000002","0.0249999999999999","0.653999999999996","0","0","Vita"
"perm.time17","0.0870000000000033","0.004","0.0999999999999659","0","0","Perm"
"binom.rf.time18","0.0319999999999965","0.00099999999999989","0.156000000000006","0","0","BinomialRF"
"boruta.time18","7.28","0.363","4.11500000000001","0","0","Boruta"
"vsurf.time18","5.60899999999999","0.376","49.732","0.0100000000000016","0.0129999999999999","VSURF"
"varselrf.time18","2.31399999999999","0.0209999999999999","5.24599999999998","0","0","VarSelRF"
"pimp.time18","0.00799999999999557","0.00700000000000012","8.47900000000004","5.787","0.321","PIMP"
"aucrf.time18","0.247","0.0200000000000005","0.72199999999998","0","0","AUCRF"
"efs.time18","6.22000000000001","0.178","18.253","0","0","EFS"
"rfe.time18","0.116000000000014","0.00800000000000001","0.388000000000034","0","0","RFE"
"vita.time18","0.295999999999992","0.0280000000000005","0.639999999999986","0","0","Vita"
"perm.time18","0.0870000000000033","0.00300000000000011","0.249000000000024","0","0","Perm"
"binom.rf.time19","0.0309999999999917","0.00099999999999989","0.488","0","0","BinomialRF"
"boruta.time19","6.694","0.363","2.99099999999999","0","0","Boruta"
"vsurf.time19","2.965","0.2","39.461","0.0100000000000016","0.014","VSURF"
"varselrf.time19","2.232","0.0169999999999999","5.95100000000002","0","0","VarSelRF"
"pimp.time19","0.00900000000000034","0.0179999999999998","8.47399999999999","7.645","0.445","PIMP"
"aucrf.time19","0.277000000000001","0.0230000000000001","0.613999999999976","0","0","AUCRF"
"efs.time19","6.25700000000001","0.178","18.526","0","0","EFS"
"rfe.time19","0.114999999999995","0.00499999999999989","0.29000000000002","0","0","RFE"
"vita.time19","0.298999999999992","0.024","1.351","0","0","Vita"
"perm.time19","0.0880000000000081","0.004","0.172000000000025","0","0","Perm"
"binom.rf.time20","0.0390000000000015","0.00199999999999978","0.266999999999996","0","0","BinomialRF"
"boruta.time20","7.63600000000001","0.356999999999999","4.00199999999995","0","0","Boruta"
"vsurf.time20","4.495","0.319","41.87","0.00999999999999801","0.0139999999999998","VSURF"
"varselrf.time20","2.078","0.016","7.43599999999998","0","0","VarSelRF"
"pimp.time20","0.00900000000000034","0.0190000000000001","7.06100000000004","7.56","0.45","PIMP"
"aucrf.time20","0.230999999999995","0.0179999999999998","0.560999999999979","0","0","AUCRF"
"efs.time20","5.64500000000001","0.152","11.893","0","0","EFS"
"rfe.time20","0.105999999999995","0.00400000000000045","0.130999999999972","0","0","RFE"
"vita.time20","0.280000000000001","0.0259999999999998","1.49300000000005","0","0","Vita"
"perm.time20","0.0849999999999937","0.00300000000000011","0.213999999999999","0","0","Perm"
"binom.rf.time21","0.0369999999999919","0.00199999999999978","0.223000000000013","0","0","BinomialRF"
"boruta.time21","7.39700000000001","0.342000000000001","4.19099999999997","0","0","Boruta"
"vsurf.time21","6.39800000000001","0.447","51.296","0.00999999999999801","0.0129999999999999","VSURF"
"varselrf.time21","2.17099999999999","0.00999999999999979","4.339","0","0","VarSelRF"
"pimp.time21","0.00799999999999557","0.00799999999999912","7.06900000000002","5.678","0.316","PIMP"
"aucrf.time21","0.241","0.0170000000000003","0.33499999999998","0","0","AUCRF"
"efs.time21","6.119","0.163","11.6319999999999","0","0","EFS"
"rfe.time21","0.116000000000014","0.00499999999999989","0.209000000000003","0","0","RFE"
"vita.time21","0.294999999999987","0.0249999999999995","0.716000000000008","0","0","Vita"
"perm.time21","0.0880000000000081","0.00300000000000011","0.300000000000011","0","0","Perm"
"binom.rf.time22","0.0330000000000013","0.000999999999999446","0.350999999999999","0","0","BinomialRF"
"boruta.time22","5.005","0.249","2.25899999999996","0","0","Boruta"
"vsurf.time22","5.298","0.366","48.06","0.00999999999999801","0.0140000000000002","VSURF"
"varselrf.time22","2.13500000000001","0.0129999999999999","3.262","0","0","VarSelRF"
"pimp.time22","0.007000000000005","0.00700000000000056","4.279","5.71400000000001","0.29","PIMP"
"aucrf.time22","0.236000000000004","0.0189999999999992","0.46999999999997","0","0","AUCRF"
"efs.time22","6.10600000000001","0.169","16.309","0","0","EFS"
"rfe.time22","0.113","0.00600000000000023","0.355000000000018","0","0","RFE"
"vita.time22","0.284999999999997","0.0230000000000006","0.343000000000018","0","0","Vita"
"perm.time22","0.0859999999999985","0.00400000000000045","0.11099999999999","0","0","Perm"
"binom.rf.time23","0.0330000000000013","0.000999999999999446","0.312999999999988","0","0","BinomialRF"
"boruta.time23","6.77199999999999","0.335","3.71599999999995","0","0","Boruta"
"vsurf.time23","0.981000000000009","0.0260000000000007","33.819","0.0110000000000028","0.0130000000000003","VSURF"
"varselrf.time23","2.108","0.016","4.99700000000001","0","0","VarSelRF"
"pimp.time23","0.00900000000000034","0.00699999999999967","5.411","4.243","0.664","PIMP"
"aucrf.time23","0.236000000000004","0.0179999999999998","0.571000000000026","0","0","AUCRF"
"efs.time23","6.045","0.16","10.957","0","0","EFS"
"rfe.time23","0.111000000000004","0.00600000000000023","0.271999999999991","0","0","RFE"
"vita.time23","0.287000000000006","0.0219999999999994","0.366999999999962","0","0","Vita"
"perm.time23","0.0879999999999939","0.00300000000000011","0.180999999999983","0","0","Perm"
"binom.rf.time24","0.0319999999999965","0","0.0380000000000109","0","0","BinomialRF"
"boruta.time24","6.52900000000001","0.33","3.46300000000002","0","0","Boruta"
"vsurf.time24","5.297","0.378","40.454","0.00999999999999801","0.0129999999999999","VSURF"
"varselrf.time24","2.18299999999999","0.00999999999999979","2.87699999999995","0","0","VarSelRF"
"pimp.time24","0.00799999999999557","0.00800000000000001","11.006","5.631","0.331","PIMP"
"aucrf.time24","0.236000000000004","0.0179999999999998","0.364000000000033","0","0","AUCRF"
"efs.time24","5.873","0.154","11.124","0","0","EFS"
"rfe.time24","0.108000000000004","0.00400000000000045","0.131999999999948","0","0","RFE"
"vita.time24","0.284000000000006","0.0220000000000002","1.09100000000001","0","0","Vita"
"perm.time24","0.0880000000000081","0.00199999999999978","0.105999999999995","0","0","Perm"
"binom.rf.time25","0.0279999999999916","0","0.0620000000000118","0","0","BinomialRF"
"boruta.time25","6.831","0.245","5.47700000000003","0","0","Boruta"
"vsurf.time25","3.70999999999999","0.257","37.226","0.0100000000000051","0.0129999999999999","VSURF"
"varselrf.time25","2.22499999999999","0.0120000000000005","2.73199999999997","0","0","VarSelRF"
"pimp.time25","0.00799999999998136","0.00699999999999967","8.74299999999999","5.656","0.315","PIMP"
"aucrf.time25","0.234999999999985","0.016","0.299999999999955","0","0","AUCRF"
"efs.time25","5.93100000000001","0.154","11.177","0","0","EFS"
"rfe.time25","0.109000000000009","0.00499999999999989","0.149000000000001","0","0","RFE"
"vita.time25","0.289000000000016","0.0220000000000002","0.480000000000018","0","0","Vita"
"perm.time25","0.0879999999999939","0.00300000000000011","0.115999999999985","0","0","Perm"
"binom.rf.time26","0.0310000000000059","0.000999999999999446","0.100999999999999","0","0","BinomialRF"
"boruta.time26","7.236","0.260000000000001","5.49400000000003","0","0","Boruta"
"vsurf.time26","0.969999999999999","0.0250000000000004","32.523","0.0100000000000051","0.0139999999999998","VSURF"
"varselrf.time26","2.29299999999999","0.0110000000000001","2.8119999999999","0","0","VarSelRF"
"pimp.time26","0.00900000000000034","0.0150000000000006","8.58200000000005","7.59","0.402","PIMP"
"aucrf.time26","0.241","0.016","0.312999999999988","0","0","AUCRF"
"efs.time26","6.069","0.159","11.343","0","0","EFS"
"rfe.time26","0.11699999999999","0.00600000000000023","0.165000000000077","0","0","RFE"
"vita.time26","0.285000000000011","0.0209999999999999","0.378000000000043","0","0","Vita"
"perm.time26","0.0910000000000082","0.00400000000000045","0.109000000000037","0","0","Perm"
"binom.rf.time27","0.0320000000000107","0.00100000000000033","0.401999999999987","0","0","BinomialRF"
"boruta.time27","7.00699999999999","0.327","3.02300000000002","0","0","Boruta"
"vsurf.time27","4.613","0.305000000000001","41.3820000000001","0.0110000000000028","0.0139999999999998","VSURF"
"varselrf.time27","2.172","0.00800000000000001","2.61799999999994","0","0","VarSelRF"
"pimp.time27","0.00900000000000034","0.0149999999999997","4.29599999999994","7.595","0.395","PIMP"
"aucrf.time27","0.248999999999995","0.0209999999999999","0.382000000000062","0","0","AUCRF"
"efs.time27","6.282","0.167","18.6799999999999","0","0","EFS"
"rfe.time27","0.116000000000014","0.00600000000000023","0.322000000000003","0","0","RFE"
"vita.time27","0.287999999999997","0.0220000000000002","0.331999999999994","0","0","Vita"
"perm.time27","0.0889999999999986","0.00499999999999989","0.201999999999998","0","0","Perm"
"binom.rf.time28","0.0320000000000107","0","0.0520000000000209","0","0","BinomialRF"
"boruta.time28","3.02100000000002","0.141999999999999","1.91399999999999","0","0","Boruta"
"vsurf.time28","5.02799999999999","0.344","39.864","0.0100000000000051","0.0139999999999998","VSURF"
"varselrf.time28","2.131","0.00999999999999979","3.84400000000005","0","0","VarSelRF"
"pimp.time28","0.00999999999999091","0.0170000000000003","8.553","7.529","0.403","PIMP"
"aucrf.time28","0.227000000000004","0.0170000000000003","0.293000000000006","0","0","AUCRF"
"efs.time28","5.654","0.153","10.668","0","0","EFS"
"rfe.time28","0.108000000000004","0.00499999999999989","0.134999999999991","0","0","RFE"
"vita.time28","0.263000000000005","0.0200000000000005","0.783000000000015","0","0","Vita"
"perm.time28","0.0900000000000034","0.00300000000000011","0.105000000000018","0","0","Perm"
"binom.rf.time29","0.0310000000000059","0","0.0399999999999636","0","0","BinomialRF"
"boruta.time29","1.86099999999999","0.107","1.31200000000001","0","0","Boruta"
"vsurf.time29","5.483","0.356000000000001","45.12","0.0109999999999957","0.0130000000000003","VSURF"
"varselrf.time29","2.22200000000001","0.0120000000000005","2.71900000000005","0","0","VarSelRF"
"pimp.time29","0.00900000000001455","0.0199999999999996","6.42200000000003","7.593","0.415","PIMP"
"aucrf.time29","0.243000000000023","0.016","0.311999999999898","0","0","AUCRF"
"efs.time29","6.06900000000002","0.16","12.021","0","0","EFS"
"rfe.time29","0.111999999999995","0.00499999999999989","0.288999999999987","0","0","RFE"
"vita.time29","0.301999999999992","0.0289999999999999","0.451000000000022","0","0","Vita"
"perm.time29","0.0879999999999939","0.00300000000000011","0.110000000000014","0","0","Perm"
"binom.rf.time30","0.0340000000000202","0.00100000000000033","0.0600000000000591","0","0","BinomialRF"
"boruta.time30","5.74699999999999","0.211","3.14099999999996","0","0","Boruta"
"vsurf.time30","3.10999999999999","0.181","37.022","0.00999999999999801","0.0130000000000008","VSURF"
"varselrf.time30","2.273","0.0110000000000001","4.12700000000007","0","0","VarSelRF"
"pimp.time30","0.00800000000000978","0.0150000000000006","8.495","7.536","0.417999999999999","PIMP"
"aucrf.time30","0.244","0.0170000000000003","0.308999999999969","0","0","AUCRF"
"efs.time30","6.14700000000002","0.147","11.194","0","0","EFS"
"rfe.time30","0.114000000000004","0.00399999999999956","0.143000000000029","0","0","RFE"
"vita.time30","0.296000000000021","0.0250000000000004","0.873000000000047","0","0","Vita"
"perm.time30","0.0910000000000082","0.00300000000000011","0.110000000000014","0","0","Perm"
"binom.rf.time31","0.0319999999999823","0.000999999999999446","0.26400000000001","0","0","BinomialRF"
"boruta.time31","2.61999999999998","0.121","1.197","0","0","Boruta"
"vsurf.time31","4.59400000000002","0.307","38.1389999999999","0.0110000000000028","0.0140000000000002","VSURF"
"varselrf.time31","2.17099999999999","0.0140000000000002","3.322","0","0","VarSelRF"
"pimp.time31","0.00899999999998613","0.0170000000000003","4.96499999999992","7.571","0.403","PIMP"
"aucrf.time31","0.239000000000004","0.0200000000000005","0.504999999999995","0","0","AUCRF"
"efs.time31","6.179","0.167000000000001","18.886","0","0","EFS"
"rfe.time31","0.110000000000014","0.00600000000000023","0.371999999999957","0","0","RFE"
"vita.time31","0.29000000000002","0.0220000000000002","0.365000000000009","0","0","Vita"
"perm.time31","0.0860000000000127","0.00399999999999956","0.220000000000027","0","0","Perm"
"binom.rf.time32","0.0310000000000059","0","0.0380000000000109","0","0","BinomialRF"
"boruta.time32","7.01100000000002","0.306","4.53200000000004","0","0","Boruta"
"vsurf.time32","0.970999999999975","0.0230000000000006","31.755","0.0110000000000028","0.0129999999999999","VSURF"
"varselrf.time32","2.27099999999999","0.0149999999999997","3.90599999999995","0","0","VarSelRF"
"pimp.time32","0.00800000000000978","0.0129999999999999","10.27","6.33199999999999","0.942","PIMP"
"aucrf.time32","0.245000000000005","0.0199999999999996","0.496000000000095","0","0","AUCRF"
"efs.time32","6.154","0.143","8.63599999999997","0","0","EFS"
"rfe.time32","0.113","0.00399999999999956","0.170000000000073","0","0","RFE"
"vita.time32","0.290999999999997","0.0250000000000004","0.654999999999973","0","0","Vita"
"perm.time32","0.0880000000000223","0.00299999999999923","0.182000000000016","0","0","Perm"
"binom.rf.time33","0.0320000000000107","0","0.0539999999999736","0","0","BinomialRF"
"boruta.time33","1.613","0.0590000000000002","1.15999999999997","0","0","Boruta"
"vsurf.time33","0.97999999999999","0.0289999999999999","31.062","0.00999999999999801","0.0130000000000008","VSURF"
"varselrf.time33","2.23599999999999","0.0119999999999996","4.50599999999997","0","0","VarSelRF"
"pimp.time33","0.00800000000000978","0.00700000000000056","9.66700000000003","5.64700000000001","0.321","PIMP"
"aucrf.time33","0.24799999999999","0.0209999999999999","0.583999999999946","0","0","AUCRF"
"efs.time33","6.23500000000001","0.154","9.21400000000006","0","0","EFS"
"rfe.time33","0.113","0.00400000000000045","0.147000000000048","0","0","RFE"
"vita.time33","0.293000000000006","0.0260000000000007","1.16999999999996","0","0","Vita"
"perm.time33","0.0900000000000034","0.00400000000000045","0.174999999999955","0","0","Perm"
"binom.rf.time34","0.0450000000000159","0","0.07000000000005","0","0","BinomialRF"
"boruta.time34","1.43699999999998","0.0640000000000001","0.809000000000083","0","0","Boruta"
"vsurf.time34","0.966000000000008","0.0270000000000001","33.587","0.00999999999999801","0.0139999999999998","VSURF"
"varselrf.time34","2.30300000000003","0.0140000000000002","3.827","0","0","VarSelRF"
"pimp.time34","0.00899999999998613","0.0179999999999998","8.19200000000001","7.54799999999999","0.408","PIMP"
"aucrf.time34","0.240000000000009","0.0189999999999992","0.41599999999994","0","0","AUCRF"
"efs.time34","6.12100000000001","0.144","8.42599999999993","0","0","EFS"
"rfe.time34","0.114000000000004","0.00499999999999989","0.172000000000025","0","0","RFE"
"vita.time34","0.294999999999987","0.0250000000000004","0.769000000000005","0","0","Vita"
"perm.time34","0.0889999999999986","0.00299999999999923","0.173999999999978","0","0","Perm"
"binom.rf.time35","0.0310000000000059","0","0.0629999999999882","0","0","BinomialRF"
"boruta.time35","7.107","0.344","3.74900000000002","0","0","Boruta"
"vsurf.time35","5.28199999999998","0.326000000000001","38.664","0.0110000000000028","0.0139999999999998","VSURF"
"varselrf.time35","2.18099999999998","0.0119999999999996","7.27599999999995","0","0","VarSelRF"
"pimp.time35","0.00899999999998613","0.0170000000000003","8.56600000000003","7.557","0.436","PIMP"
"aucrf.time35","0.245999999999981","0.0169999999999995","0.785000000000082","0","0","AUCRF"
"efs.time35","6.334","0.169","20.2760000000001","0","0","EFS"
"rfe.time35","0.113999999999976","0.00499999999999989","0.243999999999915","0","0","RFE"
"vita.time35","0.299000000000007","0.0250000000000004","0.983000000000061","0","0","Vita"
"perm.time35","0.0869999999999891","0.00299999999999923","0.328999999999951","0","0","Perm"
"binom.rf.time36","0.0309999999999775","0","0.04200000000003","0","0","BinomialRF"
"boruta.time36","2.09100000000001","0.0919999999999996","1.07000000000005","0","0","Boruta"
"vsurf.time36","0.966000000000008","0.0250000000000004","35.111","0.0100000000000051","0.0140000000000002","VSURF"
"varselrf.time36","2.23099999999999","0.0140000000000002","5.78700000000003","0","0","VarSelRF"
"pimp.time36","0.00799999999998136","0.0149999999999997","7.13099999999997","7.58","0.412","PIMP"
"aucrf.time36","0.24799999999999","0.0180000000000007","0.736999999999966","0","0","AUCRF"
"efs.time36","6.42099999999999","0.163","12.028","0","0","EFS"
"rfe.time36","0.115999999999985","0.00499999999999989","0.225999999999999","0","0","RFE"
"vita.time36","0.296999999999997","0.0259999999999998","0.703999999999951","0","0","Vita"
"perm.time36","0.0879999999999939","0.00400000000000045","0.311999999999898","0","0","Perm"
"binom.rf.time37","0.0340000000000202","0","0.0439999999999827","0","0","BinomialRF"
"boruta.time37","7.172","0.317","3.78399999999999","0","0","Boruta"
"vsurf.time37","1.00200000000001","0.032","36.6139999999999","0.0100000000000051","0.0140000000000002","VSURF"
"varselrf.time37","2.214","0.0110000000000001","5.596","0","0","VarSelRF"
"pimp.time37","0.00800000000000978","0.016","4.91600000000005","7.562","0.404","PIMP"
"aucrf.time37","0.245000000000005","0.0169999999999995","0.475999999999999","0","0","AUCRF"
"efs.time37","6.32900000000001","0.167","11.657","0","0","EFS"
"rfe.time37","0.120000000000005","0.00599999999999934","0.245000000000005","0","0","RFE"
"vita.time37","0.299000000000007","0.0250000000000004","0.735000000000014","0","0","Vita"
"perm.time37","0.0929999999999893","0.00400000000000045","0.173000000000002","0","0","Perm"
"binom.rf.time38","0.09699999999998","0.00100000000000033","0.138000000000034","0","0","BinomialRF"
"boruta.time38","2.33000000000001","0.0979999999999999","1.10899999999992","0","0","Boruta"
"vsurf.time38","3.77200000000002","0.254","44.918","0.0100000000000051","0.0140000000000002","VSURF"
"varselrf.time38","2.13300000000001","0.0110000000000001","4.16600000000005","0","0","VarSelRF"
"pimp.time38","0.00800000000000978","0.00699999999999967","5.27299999999991","5.675","0.322","PIMP"
"aucrf.time38","0.234999999999985","0.0180000000000007","0.439999999999941","0","0","AUCRF"
"efs.time38","5.989","0.168","11.4789999999999","0","0","EFS"
"rfe.time38","0.111999999999995","0.00700000000000056","0.279999999999973","0","0","RFE"
"vita.time38","0.287000000000006","0.0230000000000006","0.548999999999978","0","0","Vita"
"perm.time38","0.0879999999999939","0.00300000000000011","0.163000000000011","0","0","Perm"
"binom.rf.time39","0.0320000000000107","0","0.0670000000000073","0","0","BinomialRF"
"boruta.time39","3.03999999999999","0.131","2.00099999999998","0","0","Boruta"
"vsurf.time39","4.33199999999999","0.335000000000001","29.101","0.0109999999999957","0.0130000000000003","VSURF"
"varselrf.time39","2.16199999999998","0.0269999999999992","8.13","0","0","VarSelRF"
"pimp.time39","0.00900000000001455","0.0220000000000002","9.98500000000001","7.69","0.505","PIMP"
"aucrf.time39","0.233000000000004","0.0199999999999996","0.833999999999946","0","0","AUCRF"
"efs.time39","5.97499999999999","0.193","19.1479999999999","0","0","EFS"
"rfe.time39","0.11099999999999","0.00699999999999967","0.288999999999987","0","0","RFE"
"vita.time39","0.287000000000006","0.0300000000000011","1.00599999999997","0","0","Vita"
"perm.time39","0.0879999999999939","0.00300000000000011","0.38900000000001","0","0","Perm"
"binom.rf.time40","0.0320000000000107","0.000999999999999446","0.271000000000072","0","0","BinomialRF"
"boruta.time40","7.15700000000001","0.329","4.28199999999993","0","0","Boruta"
"vsurf.time40","4.59999999999999","0.341","47.109","0.0100000000000051","0.0129999999999999","VSURF"
"varselrf.time40","2.22900000000001","0.0229999999999997","7.92399999999998","0","0","VarSelRF"
"pimp.time40","0.00899999999998613","0.0170000000000003","6.65899999999999","7.70099999999999","0.462","PIMP"
"aucrf.time40","0.25","0.0199999999999996","0.609000000000037","0","0","AUCRF"
"efs.time40","6.51100000000002","0.222","14.817","0","0","EFS"
"rfe.time40","0.11699999999999","0.00699999999999967","0.261999999999944","0","0","RFE"
"vita.time40","0.304999999999978","0.0300000000000002","1.18999999999994","0","0","Vita"
"perm.time40","0.0910000000000082","0.00400000000000045","0.216000000000008","0","0","Perm"
"binom.rf.time41","0.0300000000000011","0.00100000000000033","0.104000000000042","0","0","BinomialRF"
"boruta.time41","1.58100000000002","0.0679999999999996","0.701000000000022","0","0","Boruta"
"vsurf.time41","3.08799999999999","0.218999999999999","42.455","0.0109999999999957","0.0140000000000002","VSURF"
"varselrf.time41","2.179","0.027000000000001","8.101","0","0","VarSelRF"
"pimp.time41","0.00800000000000978","0.00799999999999912","8.18200000000002","5.63600000000001","0.359","PIMP"
"aucrf.time41","0.242999999999995","0.0220000000000002","0.914999999999964","0","0","AUCRF"
"efs.time41","6.10599999999999","0.209","14.421","0","0","EFS"
"rfe.time41","0.114000000000004","0.00699999999999967","0.259999999999991","0","0","RFE"
"vita.time41","0.298000000000002","0.0289999999999999","0.855000000000018","0","0","Vita"
"perm.time41","0.0869999999999891","0.00499999999999901","0.331999999999994","0","0","Perm"
"binom.rf.time42","0.0310000000000059","0","0.120000000000005","0","0","BinomialRF"
"boruta.time42","6.50700000000001","0.309","3.303","0","0","Boruta"
"vsurf.time42","4.46299999999999","0.33","50.807","0.0109999999999957","0.0149999999999997","VSURF"
"varselrf.time42","2.14399999999998","0.0199999999999996","4.79899999999998","0","0","VarSelRF"
"pimp.time42","0.00900000000001455","0.016","7.27499999999998","7.628","0.484","PIMP"
"aucrf.time42","0.240000000000009","0.0199999999999996","0.548000000000002","0","0","AUCRF"
"efs.time42","6.02600000000001","0.227","14.678","0","0","EFS"
"rfe.time42","0.113999999999976","0.00799999999999912","0.375999999999976","0","0","RFE"
"vita.time42","0.294000000000011","0.0289999999999999","0.745999999999981","0","0","Vita"
"perm.time42","0.0870000000000175","0.00500000000000078","0.135999999999967","0","0","Perm"
"binom.rf.time43","0.0320000000000107","0.000999999999999446","0.197000000000003","0","0","BinomialRF"
"boruta.time43","6.87800000000001","0.314","4.55899999999997","0","0","Boruta"
"vsurf.time43","4.524","0.371","42.008","0.0100000000000051","0.0140000000000002","VSURF"
"varselrf.time43","2.17400000000001","0.0380000000000003","8.77499999999998","0","0","VarSelRF"
"pimp.time43","0.00899999999998613","0.0150000000000006","9.18899999999996","7.669","0.489999999999999","PIMP"
"aucrf.time43","0.244","0.0250000000000004","0.860000000000014","0","0","AUCRF"
"efs.time43","6.05699999999999","0.208","21.9100000000001","0","0","EFS"
"rfe.time43","0.111999999999995","0.00499999999999901","0.283999999999992","0","0","RFE"
"vita.time43","0.300000000000011","0.032","1.07299999999998","0","0","Vita"
"perm.time43","0.0889999999999986","0.00499999999999901","0.365000000000009","0","0","Perm"
"binom.rf.time44","0.0459999999999923","0.000999999999999446","0.0999999999999091","0","0","BinomialRF"
"boruta.time44","6.99800000000002","0.319000000000001","3.79999999999995","0","0","Boruta"
"vsurf.time44","4.535","0.373000000000001","50.3390000000001","0.0100000000000051","0.0140000000000002","VSURF"
"varselrf.time44","2.18600000000001","0.0260000000000016","4.69299999999998","0","0","VarSelRF"
"pimp.time44","0.00799999999998136","0.0150000000000006","9.19600000000003","7.666","0.481","PIMP"
"aucrf.time44","0.241000000000014","0.0229999999999997","0.717999999999961","0","0","AUCRF"
"efs.time44","5.964","0.197000000000001","14.143","0","0","EFS"
"rfe.time44","0.113999999999976","0.00799999999999912","0.291000000000054","0","0","RFE"
"vita.time44","0.289999999999992","0.027000000000001","0.850999999999999","0","0","Vita"
"perm.time44","0.085000000000008","0.00300000000000011","0.198999999999955","0","0","Perm"
"binom.rf.time45","0.0339999999999918","0.00100000000000122","0.276000000000067","0","0","BinomialRF"
"boruta.time45","6.827","0.304","4.56499999999994","0","0","Boruta"
"vsurf.time45","4.56200000000001","0.365","52.598","0.0110000000000099","0.0140000000000002","VSURF"
"varselrf.time45","2.191","0.0300000000000011","4.81600000000003","0","0","VarSelRF"
"pimp.time45","0.00800000000000978","0.0149999999999988","5.79699999999991","7.67699999999999","0.455","PIMP"
"aucrf.time45","0.246000000000009","0.0210000000000008","0.592999999999961","0","0","AUCRF"
"efs.time45","6.07499999999999","0.191000000000001","14.9350000000001","0","0","EFS"
"rfe.time45","0.111999999999995","0.00600000000000023","0.495999999999981","0","0","RFE"
"vita.time45","0.289000000000016","0.0240000000000009","0.530999999999949","0","0","Vita"
"perm.time45","0.0879999999999939","0.00500000000000078","0.208999999999946","0","0","Perm"
"binom.rf.time46","0.0339999999999918","0.000999999999999446","0.456000000000017","0","0","BinomialRF"
"boruta.time46","1.15899999999999","0.0289999999999999","0.761000000000081","0","0","Boruta"
"vsurf.time46","0.985000000000014","0.0380000000000003","41.3620000000001","0.0110000000000099","0.0140000000000002","VSURF"
"varselrf.time46","2.245","0.0229999999999997","5.154","0","0","VarSelRF"
"pimp.time46","0.00799999999998136","0.00799999999999912","9.27700000000004","3.831","0.236","PIMP"
"aucrf.time46","0.253000000000014","0.0239999999999991","0.55499999999995","0","0","AUCRF"
"efs.time46","6.35300000000001","0.198","15.073","0","0","EFS"
"rfe.time46","0.114000000000004","0.00600000000000023","0.307999999999993","0","0","RFE"
"vita.time46","0.302999999999997","0.0289999999999999","0.859000000000037","0","0","Vita"
"perm.time46","0.0889999999999986","0.00499999999999901","0.236000000000104","0","0","Perm"
"binom.rf.time47","0.0340000000000202","0","0.119000000000028","0","0","BinomialRF"
"boruta.time47","3.56100000000001","0.152999999999999","2.16800000000001","0","0","Boruta"
"vsurf.time47","4.70099999999999","0.361000000000001","42.5889999999999","0.0109999999999957","0.0170000000000003","VSURF"
"varselrf.time47","2.19299999999998","0.0220000000000002","7.03800000000001","0","0","VarSelRF"
"pimp.time47","0.00900000000001455","0.016","9.02600000000007","7.623","0.479","PIMP"
"aucrf.time47","0.24799999999999","0.0199999999999996","0.620999999999981","0","0","AUCRF"
"efs.time47","6.18799999999999","0.183","17.196","0","0","EFS"
"rfe.time47","0.114000000000004","0.00700000000000145","0.466000000000008","0","0","RFE"
"vita.time47","0.301999999999992","0.032","1.18700000000001","0","0","Vita"
"perm.time47","0.0910000000000082","0.00600000000000023","0.171999999999912","0","0","Perm"
"binom.rf.time48","0.0339999999999918","0.00100000000000122","0.147000000000048","0","0","BinomialRF"
"boruta.time48","2.02600000000001","0.0749999999999993","0.924999999999955","0","0","Boruta"
"vsurf.time48","4.56699999999998","0.333","49.052","0.0100000000000051","0.0140000000000002","VSURF"
"varselrf.time48","2.202","0.0269999999999992","5.96900000000005","0","0","VarSelRF"
"pimp.time48","0.00899999999998613","0.0190000000000001","7.82499999999993","7.56399999999999","0.468","PIMP"
"aucrf.time48","0.240000000000009","0.020999999999999","0.899000000000001","0","0","AUCRF"
"efs.time48","6.07199999999997","0.194000000000001","15.4490000000001","0","0","EFS"
"rfe.time48","0.116000000000014","0.00699999999999967","0.231999999999971","0","0","RFE"
"vita.time48","0.298000000000002","0.027000000000001","0.864000000000033","0","0","Vita"
"perm.time48","0.0900000000000034","0.00300000000000011","0.293000000000006","0","0","Perm"
"binom.rf.time49","0.0330000000000155","0","0.0960000000000036","0","0","BinomialRF"
"boruta.time49","3.51900000000001","0.16","1.90199999999993","0","0","Boruta"
"vsurf.time49","4.61099999999999","0.324999999999999","49.5840000000001","0.0109999999999957","0.0140000000000002","VSURF"
"varselrf.time49","2.209","0.0279999999999987","6.92299999999989","0","0","VarSelRF"
"pimp.time49","0.0100000000000193","0.0190000000000001","6.81899999999996","7.581","0.44","PIMP"
"aucrf.time49","0.244","0.020999999999999","0.879000000000019","0","0","AUCRF"
"efs.time49","6.16600000000003","0.197999999999999","15.028","0","0","EFS"
"rfe.time49","0.116000000000014","0.00699999999999967","0.280000000000086","0","0","RFE"
"vita.time49","0.298000000000002","0.0249999999999986","0.434000000000083","0","0","Vita"
"perm.time49","0.0910000000000082","0.00399999999999956","0.334999999999923","0","0","Perm"
"binom.rf.time50","0.0449999999999875","0.000999999999999446","0.0690000000000737","0","0","BinomialRF"
"boruta.time50","7.97199999999998","0.315999999999999","3.52499999999998","0","0","Boruta"
"vsurf.time50","5.678","0.382","55.653","0.0100000000000051","0.0140000000000002","VSURF"
"varselrf.time50","2.203","0.0199999999999996","5.22199999999998","0","0","VarSelRF"
"pimp.time50","0.00799999999998136","0.00700000000000145","6.14100000000008","3.79299999999999","0.234999999999999","PIMP"
"aucrf.time50","0.25200000000001","0.0220000000000002","0.660999999999945","0","0","AUCRF"
"efs.time50","6.22199999999998","0.203999999999999","18.6529999999999","0","0","EFS"
"rfe.time50","0.114999999999981","0.00600000000000023","0.315000000000055","0","0","RFE"
"vita.time50","0.304000000000002","0.0299999999999994","0.752000000000066","0","0","Vita"
"perm.time50","0.0910000000000082","0.00399999999999956","0.217999999999961","0","0","Perm"
"binom.rf.time51","0.0339999999999918","0.000999999999999446","0.120000000000005","0","0","BinomialRF"
"boruta.time51","1.434","0.0590000000000011","0.823999999999955","0","0","Boruta"
"vsurf.time51","4.52700000000002","0.324","42.356","0.0100000000000051","0.0140000000000002","VSURF"
"varselrf.time51","2.197","0.0140000000000011","5.85199999999998","0","0","VarSelRF"
"pimp.time51","0.00899999999998613","0.0080000000000009","8.51999999999998","5.669","0.335","PIMP"
"aucrf.time51","0.244","0.0190000000000001","0.742999999999938","0","0","AUCRF"
"efs.time51","6.054","0.161","13.3409999999999","0","0","EFS"
"rfe.time51","0.113","0.00600000000000023","0.378000000000156","0","0","RFE"
"vita.time51","0.293999999999983","0.0249999999999986","0.893000000000029","0","0","Vita"
"perm.time51","0.0879999999999939","0.00300000000000011","0.244000000000142","0","0","Perm"
"binom.rf.time52","0.0320000000000107","0.00100000000000122","0.108999999999924","0","0","BinomialRF"
"boruta.time52","6.905","0.339","3.22399999999993","0","0","Boruta"
"vsurf.time52","4.64700000000002","0.323","45.6210000000001","0.0110000000000099","0.0140000000000002","VSURF"
"varselrf.time52","2.155","0.0150000000000006","4.5809999999999","0","0","VarSelRF"
"pimp.time52","0.00799999999998136","0.0150000000000006","4.596","7.56399999999999","0.399999999999999","PIMP"
"aucrf.time52","0.238999999999976","0.0190000000000001","0.739000000000033","0","0","AUCRF"
"efs.time52","5.99200000000002","0.164","13.9970000000001","0","0","EFS"
"rfe.time52","0.109999999999957","0.00500000000000078","0.255999999999858","0","0","RFE"
"vita.time52","0.290999999999997","0.0229999999999997","0.38799999999992","0","0","Vita"
"perm.time52","0.0879999999999654","0.00300000000000011","0.240999999999985","0","0","Perm"
"binom.rf.time53","0.0330000000000155","0.000999999999999446","0.17999999999995","0","0","BinomialRF"
"boruta.time53","1.15800000000002","0.0489999999999995","0.608000000000061","0","0","Boruta"
"vsurf.time53","0.978000000000009","0.0300000000000011","34.2370000000001","0.0100000000000051","0.0140000000000002","VSURF"
"varselrf.time53","2.16000000000003","0.0210000000000008","5.38800000000015","0","0","VarSelRF"
"pimp.time53","0.00800000000000978","0.0129999999999999","5.29700000000003","7.46899999999999","0.42","PIMP"
"aucrf.time53","0.241000000000014","0.0179999999999989","0.573000000000093","0","0","AUCRF"
"efs.time53","6.196","0.154","13.605","0","0","EFS"
"rfe.time53","0.111000000000018","0.00500000000000078","0.22199999999998","0","0","RFE"
"vita.time53","0.290999999999997","0.0269999999999992","0.631000000000085","0","0","Vita"
"perm.time53","0.0870000000000175","0.00199999999999889","0.221000000000004","0","0","Perm"
"binom.rf.time54","0.0310000000000059","0.000999999999999446","0.201999999999998","0","0","BinomialRF"
"boruta.time54","2.85000000000002","0.119","1.27499999999986","0","0","Boruta"
"vsurf.time54","4.41200000000001","0.282999999999999","40.3090000000001","0.0109999999999957","0.0150000000000006","VSURF"
"varselrf.time54","2.11700000000002","0.0120000000000005","4.327","0","0","VarSelRF"
"pimp.time54","0.00799999999998136","0.0190000000000001","5.07400000000007","7.58499999999999","0.414999999999999","PIMP"
"aucrf.time54","0.242000000000019","0.0200000000000014","0.746000000000095","0","0","AUCRF"
"efs.time54","6","0.165999999999999","15.6100000000001","0","0","EFS"
"rfe.time54","0.108000000000004","0.00500000000000078","0.284999999999854","0","0","RFE"
"vita.time54","0.283000000000015","0.0250000000000004","0.564999999999827","0","0","Vita"
"perm.time54","0.0859999999999559","0.00300000000000011","0.232000000000198","0","0","Perm"
"binom.rf.time55","0.078000000000003","0","0.0960000000000036","0","0","BinomialRF"
"boruta.time55","3.22800000000001","0.146999999999998","2.17599999999993","0","0","Boruta"
"vsurf.time55","4.48700000000002","0.315999999999999","36.559","0.0100000000000051","0.0139999999999993","VSURF"
"varselrf.time55","2.18000000000001","0.0180000000000007","6.19200000000001","0","0","VarSelRF"
"pimp.time55","0.00900000000001455","0.00699999999999967","8.18499999999995","5.651","0.319","PIMP"
"aucrf.time55","0.235000000000014","0.0190000000000001","0.708999999999833","0","0","AUCRF"
"efs.time55","5.81","0.157","9.84300000000007","0","0","EFS"
"rfe.time55","0.113","0.00500000000000078","0.149000000000115","0","0","RFE"
"vita.time55","0.284999999999968","0.0249999999999986","0.955999999999904","0","0","Vita"
"perm.time55","0.0870000000000459","0.00300000000000011","0.242999999999938","0","0","Perm"
"binom.rf.time56","0.0300000000000011","0","0.140999999999849","0","0","BinomialRF"
"boruta.time56","1.61699999999999","0.0650000000000013","0.904999999999973","0","0","Boruta"
"vsurf.time56","0.971000000000004","0.0259999999999998","25.8430000000001","0.0109999999999957","0.0140000000000002","VSURF"
"varselrf.time56","2.23499999999999","0.0150000000000006","6.55400000000009","0","0","VarSelRF"
"pimp.time56","0.00800000000000978","0.00699999999999967","8.71500000000015","5.67400000000001","0.332999999999999","PIMP"
"aucrf.time56","0.247000000000014","0.0210000000000008","0.825000000000045","0","0","AUCRF"
"efs.time56","6.08499999999998","0.151000000000002","11.298","0","0","EFS"
"rfe.time56","0.116000000000042","0.00600000000000023","0.140999999999849","0","0","RFE"
"vita.time56","0.295999999999992","0.0269999999999992","1.23099999999999","0","0","Vita"
"perm.time56","0.089999999999975","0.00499999999999901","0.319999999999936","0","0","Perm"
"binom.rf.time57","0.0330000000000155","0.00100000000000122","0.182000000000016","0","0","BinomialRF"
"boruta.time57","1.66400000000004","0.0620000000000012","0.737999999999829","0","0","Boruta"
"vsurf.time57","0.95599999999996","0.0259999999999998","32.579","0.0100000000000051","0.0140000000000002","VSURF"
"varselrf.time57","2.15099999999995","0.011000000000001","3.47499999999991","0","0","VarSelRF"
"pimp.time57","0.007000000000005","0.0130000000000017","5.79899999999998","7.584","0.434","PIMP"
"aucrf.time57","0.240000000000009","0.0169999999999995","0.392000000000053","0","0","AUCRF"
"efs.time57","6.29599999999999","0.189","21.1079999999999","0","0","EFS"
"rfe.time57","0.117000000000019","0.00699999999999967","0.412000000000035","0","0","RFE"
"vita.time57","0.295999999999992","0.0259999999999998","0.590000000000146","0","0","Vita"
"perm.time57","0.0860000000000127","0.00299999999999834","0.172000000000025","0","0","Perm"
"binom.rf.time58","0.0329999999999586","0.000999999999999446","0.26299999999992","0","0","BinomialRF"
"boruta.time58","7.31100000000004","0.347999999999999","4.58999999999992","0","0","Boruta"
"vsurf.time58","5.33700000000005","0.359","40.866","0.0110000000000099","0.0130000000000008","VSURF"
"varselrf.time58","2.27699999999999","0.0280000000000005","9.35599999999999","0","0","VarSelRF"
"pimp.time58","0.0100000000000477","0.0229999999999997","9.36099999999988","7.65799999999999","0.494","PIMP"
"aucrf.time58","0.245000000000005","0.0229999999999997","0.703999999999951","0","0","AUCRF"
"efs.time58","6.16200000000003","0.161","14.152","0","0","EFS"
"rfe.time58","0.113999999999976","0.00699999999999967","0.228000000000065","0","0","RFE"
"vita.time58","0.303999999999974","0.0289999999999999","1.24900000000002","0","0","Vita"
"perm.time58","0.0869999999999891","0.00499999999999901","0.288000000000011","0","0","Perm"
"binom.rf.time59","0.0309999999999491","0","0.0370000000000346","0","0","BinomialRF"
"boruta.time59","2.28399999999999","0.0999999999999996","1.00600000000009","0","0","Boruta"
"vsurf.time59","4.56399999999996","0.311","45.9659999999999","0.0119999999999862","0.016","VSURF"
"varselrf.time59","2.19900000000001","0.0129999999999999","4.33199999999988","0","0","VarSelRF"
"pimp.time59","0.0100000000000477","0.0199999999999996","8.81899999999996","7.63500000000001","0.462000000000001","PIMP"
"aucrf.time59","0.242999999999995","0.0180000000000007","0.424999999999955","0","0","AUCRF"
"efs.time59","6.14099999999996","0.165000000000001","10.287","0","0","EFS"
"rfe.time59","0.112000000000023","0.00499999999999901","0.126999999999953","0","0","RFE"
"vita.time59","0.29400000000004","0.0269999999999992","1.12300000000005","0","0","Vita"
"perm.time59","0.0900000000000318","0.00400000000000134","0.155999999999949","0","0","Perm"
"binom.rf.time60","0.0310000000000059","0","0.0930000000000746","0","0","BinomialRF"
"boruta.time60","4.84899999999999","0.233000000000001","2.65199999999982","0","0","Boruta"
"vsurf.time60","4.57599999999996","0.315000000000001","46.325","0.0110000000000099","0.0140000000000002","VSURF"
"varselrf.time60","2.20600000000002","0.00999999999999979","3.86300000000006","0","0","VarSelRF"
"pimp.time60","0.0080000000000382","0.00699999999999967","8.00199999999995","5.702","0.31","PIMP"
"aucrf.time60","0.240999999999985","0.0199999999999996","0.476000000000113","0","0","AUCRF"
"efs.time60","5.91799999999995","0.164","9.5440000000001","0","0","EFS"
"rfe.time60","0.108000000000004","0.00499999999999901","0.139999999999873","0","0","RFE"
"vita.time60","0.286000000000001","0.0220000000000002","0.580000000000155","0","0","Vita"
"perm.time60","0.0870000000000459","0.00400000000000134","0.188999999999851","0","0","Perm"
"binom.rf.time61","0.0400000000000205","0.00200000000000067","0.505999999999858","0","0","BinomialRF"
"boruta.time61","1.84800000000001","0.0730000000000004","1.01499999999987","0","0","Boruta"
"vsurf.time61","0.975999999999999","0.0329999999999995","29.192","0.0109999999999957","0.016","VSURF"
"varselrf.time61","2.22300000000001","0.0120000000000005","3.91399999999999","0","0","VarSelRF"
"pimp.time61","0.0080000000000382","0.00600000000000023","7.60799999999995","5.639","0.315","PIMP"
"aucrf.time61","0.243999999999971","0.0190000000000001","0.499000000000024","0","0","AUCRF"
"efs.time61","6.14299999999997","0.162000000000001","9.75999999999999","0","0","EFS"
"rfe.time61","0.115000000000009","0.00499999999999901","0.204999999999927","0","0","RFE"
"vita.time61","0.298999999999978","0.0299999999999994","0.584999999999809","0","0","Vita"
"perm.time61","0.0889999999999986","0.00300000000000011","0.144000000000005","0","0","Perm"
"binom.rf.time62","0.0310000000000059","0","0.478000000000065","0","0","BinomialRF"
"boruta.time62","7.17599999999999","0.350000000000001","3.91100000000006","0","0","Boruta"
"vsurf.time62","4.56700000000001","0.321999999999999","34.0530000000001","0.0100000000000051","0.0129999999999999","VSURF"
"varselrf.time62","2.21300000000002","0.0139999999999993","5.53700000000003","0","0","VarSelRF"
"pimp.time62","0.00799999999998136","0.0179999999999989","7.44600000000014","7.605","0.398000000000001","PIMP"
"aucrf.time62","0.247000000000014","0.0190000000000001","0.695999999999913","0","0","AUCRF"
"efs.time62","6.35000000000002","0.140000000000001","11.6990000000001","0","0","EFS"
"rfe.time62","0.120000000000005","0.00700000000000145","0.832999999999856","0","0","RFE"
"vita.time62","0.303000000000054","0.0250000000000004","0.866999999999962","0","0","Vita"
"perm.time62","0.0889999999999986","0.00300000000000011","0.20900000000006","0","0","Perm"
"631","Error in ecdf(M) : 'x' must have 1 or more non-missing values
","Error in ecdf(M) : 'x' must have 1 or more non-missing values
","Error in ecdf(M) : 'x' must have 1 or more non-missing values
","Error in ecdf(M) : 'x' must have 1 or more non-missing values
","Error in ecdf(M) : 'x' must have 1 or more non-missing values
","Error in ecdf(M) : 'x' must have 1 or more non-missing values
"
"binom.rf.time63","0.0319999999999823","0","0.0480000000000018","0","0","BinomialRF"
"boruta.time63","3.41000000000003","0.0619999999999994","2.82500000000005","0","0","Boruta"
"vsurf.time63","4.63499999999999","0.266","36.8770000000002","0.0100000000000051","0.0140000000000002","VSURF"
"varselrf.time63","2.17000000000002","0.00999999999999979","4.59899999999993","0","0","VarSelRF"
"pimp.time63","0.00799999999998136","0.00699999999999967","8.11399999999981","5.70999999999999","0.29","PIMP"
"aucrf.time63","0.242999999999995","0.0199999999999996","0.582000000000107","0","0","AUCRF"
"efs.time63","6.11399999999998","0.149000000000001","12.5829999999999","0","0","EFS"
"rfe.time63","0.115999999999985","0.00499999999999901","0.192000000000007","0","0","RFE"
"vita.time63","0.293000000000006","0.0250000000000004","0.696999999999889","0","0","Vita"
"perm.time63","0.0900000000000318","0.00300000000000011","0.218000000000075","0","0","Perm"
"binom.rf.time64","0.0310000000000059","0.000999999999999446","0.0470000000000255","0","0","BinomialRF"
"boruta.time64","6.846","0.175000000000001","5.08900000000017","0","0","Boruta"
"vsurf.time64","4.49599999999998","0.266","36.173","0.0100000000000051","0.0129999999999999","VSURF"
"varselrf.time64","2.149","0.011000000000001","4.80800000000022","0","0","VarSelRF"
"pimp.time64","0.00799999999998136","0.0109999999999992","7.49800000000005","7.614","0.378","PIMP"
"aucrf.time64","0.239999999999952","0.0179999999999989","0.58199999999988","0","0","AUCRF"
"efs.time64","5.97699999999998","0.15","12.229","0","0","EFS"
"rfe.time64","0.110000000000014","0.00399999999999956","0.188999999999851","0","0","RFE"
"vita.time64","0.286000000000001","0.0220000000000002","0.513999999999896","0","0","Vita"
"perm.time64","0.0869999999999891","0.00300000000000011","0.197000000000116","0","0","Perm"
"binom.rf.time65","0.0310000000000059","0.00100000000000122","0.569999999999936","0","0","BinomialRF"
"boruta.time65","7.31799999999998","0.299000000000001","3.41499999999996","0","0","Boruta"
"vsurf.time65","4.25","0.299999999999999","32.7059999999999","0.00999999999999091","0.0129999999999999","VSURF"
"varselrf.time65","2.15899999999999","0.011000000000001","5.01800000000003","0","0","VarSelRF"
"pimp.time65","0.00799999999998136","0.0129999999999999","6.41799999999989","7.613","0.372","PIMP"
"aucrf.time65","0.238","0.0190000000000001","0.633000000000038","0","0","AUCRF"
"efs.time65","6.11099999999999","0.144","12.0240000000001","0","0","EFS"
"rfe.time65","0.117000000000019","0.00500000000000078","0.227000000000089","0","0","RFE"
"vita.time65","0.291999999999973","0.0220000000000002","0.910999999999831","0","0","Vita"
"perm.time65","0.0869999999999891","0.00300000000000011","0.205999999999904","0","0","Perm"
"binom.rf.time66","0.0309999999999491","0.00100000000000122","0.0910000000001219","0","0","BinomialRF"
"boruta.time66","1.45499999999998","0.0679999999999996","0.794000000000096","0","0","Boruta"
"vsurf.time66","4.38799999999998","0.318","31.596","0.0100000000000193","0.0120000000000005","VSURF"
"varselrf.time66","2.14099999999996","0.00900000000000034","4.97799999999984","0","0","VarSelRF"
"pimp.time66","0.00799999999998136","0.00699999999999967","5.83200000000011","5.738","0.287","PIMP"
"aucrf.time66","0.240000000000009","0.0179999999999989","0.570999999999913","0","0","AUCRF"
"efs.time66","6.14300000000003","0.148999999999999","12.9180000000001","0","0","EFS"
"rfe.time66","0.113","0.00500000000000078","0.311999999999898","0","0","RFE"
"vita.time66","0.295000000000016","0.027000000000001","0.440000000000055","0","0","Vita"
"perm.time66","0.0889999999999986","0.00199999999999889","0.178000000000111","0","0","Perm"
"binom.rf.time67","0.0480000000000018","0.000999999999999446","0.0499999999999545","0","0","BinomialRF"
"boruta.time67","7.10500000000002","0.318999999999999","2.99000000000001","0","0","Boruta"
"vsurf.time67","2.95499999999998","0.169","29.723","0.0100000000000051","0.0129999999999999","VSURF"
"varselrf.time67","2.15900000000005","0.00900000000000034","5.55400000000009","0","0","VarSelRF"
"pimp.time67","0.0080000000000382","0.0139999999999993","5.05799999999999","7.61800000000001","0.4","PIMP"
"aucrf.time67","0.243999999999971","0.0180000000000007","0.602000000000089","0","0","AUCRF"
"efs.time67","6.30900000000003","0.157999999999999","14.4690000000001","0","0","EFS"
"rfe.time67","0.111999999999966","0.00600000000000023","0.363000000000056","0","0","RFE"
"vita.time67","0.291999999999973","0.0229999999999997","0.776000000000067","0","0","Vita"
"perm.time67","0.0880000000000223","0.00300000000000011","0.203999999999951","0","0","Perm"
"binom.rf.time68","0.0329999999999586","0","0.187999999999874","0","0","BinomialRF"
"boruta.time68","7.06800000000004","0.302","3.10899999999992","0","0","Boruta"
"vsurf.time68","4.64600000000002","0.287000000000001","35.5359999999998","0.0109999999999957","0.0129999999999999","VSURF"
"varselrf.time68","2.13600000000002","0.00699999999999967","4.80100000000016","0","0","VarSelRF"
"pimp.time68","0.00900000000001455","0.00699999999999967","5.05199999999991","5.72899999999998","0.312000000000001","PIMP"
"aucrf.time68","0.245000000000005","0.0180000000000007","0.586000000000013","0","0","AUCRF"
"efs.time68","6.13099999999997","0.174999999999999","14.8789999999999","0","0","EFS"
"rfe.time68","0.113999999999976","0.00399999999999956","0.284000000000106","0","0","RFE"
"vita.time68","0.298000000000002","0.0269999999999992","0.728999999999814","0","0","Vita"
"perm.time68","0.0880000000000223","0.00300000000000011","0.238000000000056","0","0","Perm"
"binom.rf.time69","0.0320000000000391","0.000999999999999446","0.548000000000002","0","0","BinomialRF"
"boruta.time69","7.50400000000002","0.335000000000001","3.56699999999978","0","0","Boruta"
"vsurf.time69","3.87299999999999","0.270000000000001","34.874","0.0100000000000193","0.0120000000000005","VSURF"
"varselrf.time69","2.26400000000001","0.0109999999999992","5.029","0","0","VarSelRF"
"pimp.time69","0.00900000000001455","0.0180000000000007","5.66300000000001","7.65699999999998","0.392999999999999","PIMP"
"aucrf.time69","0.254999999999995","0.0190000000000001","0.552000000000135","0","0","AUCRF"
"efs.time69","6.63","0.154","16.2190000000001","0","0","EFS"
"rfe.time69","0.121000000000038","0.00500000000000078","0.288999999999987","0","0","RFE"
"vita.time69","0.311000000000035","0.0260000000000016","0.725000000000136","0","0","Vita"
"perm.time69","0.0919999999999845","0.00399999999999956","0.145999999999958","0","0","Perm"
"binom.rf.time70","0.0319999999999823","0.00100000000000122","0.118999999999915","0","0","BinomialRF"
"boruta.time70","1.60300000000001","0.0839999999999996","0.850000000000136","0","0","Boruta"
"vsurf.time70","0.950999999999965","0.0239999999999991","23.056","0.0100000000000193","0.0140000000000002","VSURF"
"varselrf.time70","2.12400000000002","0.0120000000000005","7.41799999999989","0","0","VarSelRF"
"pimp.time70","0.00899999999995771","0.0170000000000012","4.98199999999997","7.55500000000001","0.393","PIMP"
"aucrf.time70","0.240999999999985","0.0180000000000007","0.739000000000033","0","0","AUCRF"
"efs.time70","6.09800000000001","0.148","11.8330000000001","0","0","EFS"
"rfe.time70","0.116000000000042","0.00400000000000134","0.127999999999929","0","0","RFE"
"vita.time70","0.295000000000016","0.0269999999999992","0.732000000000198","0","0","Vita"
"perm.time70","0.0869999999999891","0.00200000000000067","0.224999999999909","0","0","Perm"
"binom.rf.time71","0.0320000000000391","0.00100000000000122","0.218000000000075","0","0","BinomialRF"
"boruta.time71","6.99699999999996","0.312000000000001","3.09899999999993","0","0","Boruta"
"vsurf.time71","3.697","0.235999999999999","32.0039999999999","0.00999999999999091","0.0129999999999999","VSURF"
"varselrf.time71","2.17699999999996","0.00899999999999856","4.75200000000018","0","0","VarSelRF"
"pimp.time71","0.00799999999998136","0.0150000000000006","7.16100000000006","7.63200000000001","0.392","PIMP"
"aucrf.time71","0.244000000000028","0.0190000000000001","0.432000000000016","0","0","AUCRF"
"efs.time71","6.07600000000002","0.16","12.5440000000001","0","0","EFS"
"rfe.time71","0.113","0.00600000000000023","0.208999999999833","0","0","RFE"
"vita.time71","0.288000000000011","0.0210000000000008","0.759999999999991","0","0","Vita"
"perm.time71","0.0889999999999986","0.00399999999999956","0.166999999999916","0","0","Perm"
"binom.rf.time72","0.0310000000000059","0.00100000000000122","0.081000000000131","0","0","BinomialRF"
"boruta.time72","6.86599999999999","0.295999999999999","3.44100000000003","0","0","Boruta"
"vsurf.time72","3.61599999999999","0.247","30.1389999999999","0.00999999999999091","0.0120000000000005","VSURF"
"varselrf.time72","2.15900000000005","0.0109999999999992","4.66600000000017","0","0","VarSelRF"
"pimp.time72","0.00799999999998136","0.00700000000000145","5.54700000000003","5.726","0.289","PIMP"
"aucrf.time72","0.240000000000009","0.0180000000000007","0.561000000000149","0","0","AUCRF"
"efs.time72","6.09199999999998","0.161999999999999","12.0340000000001","0","0","EFS"
"rfe.time72","0.113","0.00500000000000078","0.288000000000011","0","0","RFE"
"vita.time72","0.293999999999983","0.0259999999999998","0.601999999999862","0","0","Vita"
"perm.time72","0.0870000000000459","0.00400000000000134","0.208999999999833","0","0","Perm"
"binom.rf.time73","0.0299999999999727","0.000999999999999446","0.0369999999998072","0","0","BinomialRF"
"boruta.time73","2.40800000000002","0.0970000000000013","1.08200000000011","0","0","Boruta"
"vsurf.time73","4.44200000000001","0.303000000000001","33.1680000000001","0.00999999999999091","0.0120000000000005","VSURF"
"varselrf.time73","2.05700000000002","0.00699999999999967","5.58500000000004","0","0","VarSelRF"
"pimp.time73","0.0080000000000382","0.00699999999999967","5.39900000000011","3.77699999999999","0.196999999999999","PIMP"
"aucrf.time73","0.23399999999998","0.0180000000000007","0.913999999999987","0","0","AUCRF"
"efs.time73","5.70800000000003","0.155999999999999","14.5150000000001","0","0","EFS"
"rfe.time73","0.105999999999995","0.00500000000000078","0.116999999999962","0","0","RFE"
"vita.time73","0.27600000000001","0.0210000000000008","0.673999999999978","0","0","Vita"
"perm.time73","0.0860000000000127","0.00399999999999956","0.425999999999931","0","0","Perm"
"binom.rf.time74","0.0310000000000059","0.00100000000000122","0.130999999999858","0","0","BinomialRF"
"boruta.time74","0.864000000000033","0.0210000000000008","0.408999999999878","0","0","Boruta"
"vsurf.time74","4.45999999999998","0.311","30.7130000000002","0.0100000000000193","0.0129999999999999","VSURF"
"varselrf.time74","2.14299999999997","0.0080000000000009","6.0010000000002","0","0","VarSelRF"
"pimp.time74","0.00799999999998136","0.0169999999999995","6.28499999999985","7.52599999999998","0.397","PIMP"
"aucrf.time74","0.238","0.0180000000000007","0.690000000000055","0","0","AUCRF"
"efs.time74","5.99599999999998","0.145000000000001","11.181","0","0","EFS"
"rfe.time74","0.114000000000033","0.00500000000000078","0.557000000000016","0","0","RFE"
"vita.time74","0.288999999999987","0.0239999999999991","0.936000000000149","0","0","Vita"
"perm.time74","0.0879999999999654","0.00200000000000067","0.194999999999936","0","0","Perm"
"binom.rf.time75","0.0320000000000391","0","0.0460000000000491","0","0","BinomialRF"
"boruta.time75","1.89299999999997","0.0679999999999996","0.807000000000016","0","0","Boruta"
"vsurf.time75","5.34899999999999","0.339","36.9769999999999","0.0109999999999957","0.0129999999999999","VSURF"
"varselrf.time75","2.18000000000001","0.00900000000000034","4.83500000000004","0","0","VarSelRF"
"pimp.time75","0.00799999999998136","0.0179999999999989","7.12699999999995","7.648","0.395","PIMP"
"aucrf.time75","0.243999999999971","0.0190000000000001","0.595000000000027","0","0","AUCRF"
"efs.time75","6.11199999999997","0.145000000000001","11.0609999999999","0","0","EFS"
"rfe.time75","0.11099999999999","0.00499999999999901","0.286000000000058","0","0","RFE"
"vita.time75","0.295000000000016","0.0239999999999991","0.924999999999955","0","0","Vita"
"perm.time75","0.0879999999999654","0.00300000000000011","0.222999999999956","0","0","Perm"
"binom.rf.time76","0.0319999999999823","0","0.215000000000146","0","0","BinomialRF"
"boruta.time76","5.81999999999999","0.250999999999999","2.88699999999994","0","0","Boruta"
"vsurf.time76","4.50399999999996","0.302000000000001","35.4100000000001","0.0100000000000193","0.0120000000000005","VSURF"
"varselrf.time76","2.18299999999999","0.0100000000000016","4.88599999999997","0","0","VarSelRF"
"pimp.time76","0.00900000000001455","0.016","6.21800000000007","7.64599999999999","0.385999999999999","PIMP"
"aucrf.time76","0.245999999999981","0.0190000000000001","0.634999999999991","0","0","AUCRF"
"efs.time76","6.262","0.156000000000001","11.47","0","0","EFS"
"rfe.time76","0.111999999999966","0.00600000000000023","0.154999999999973","0","0","RFE"
"vita.time76","0.300999999999988","0.027000000000001","0.63799999999992","0","0","Vita"
"perm.time76","0.0880000000000223","0.00300000000000011","0.208999999999833","0","0","Perm"
"binom.rf.time77","0.0299999999999727","0","0.0390000000002146","0","0","BinomialRF"
"boruta.time77","6.92399999999998","0.31","2.97200000000021","0","0","Boruta"
"vsurf.time77","4.642","0.298","32.1510000000001","0.00999999999999091","0.0129999999999999","VSURF"
"varselrf.time77","2.13299999999998","0.00600000000000023","6.23500000000013","0","0","VarSelRF"
"pimp.time77","0.00799999999998136","0.0109999999999992","6.452","7.614","0.417999999999999","PIMP"
"aucrf.time77","0.242999999999995","0.0179999999999989","0.563999999999851","0","0","AUCRF"
"efs.time77","5.98399999999998","0.146000000000001","11.106","0","0","EFS"
"rfe.time77","0.112000000000023","0.00400000000000134","0.128000000000156","0","0","RFE"
"vita.time77","0.287000000000035","0.0210000000000008","1.0630000000001","0","0","Vita"
"perm.time77","0.0900000000000318","0.00300000000000011","0.214999999999918","0","0","Perm"
"binom.rf.time78","0.0310000000000059","0","0.200000000000045","0","0","BinomialRF"
"boruta.time78","7.09699999999998","0.288","3.71000000000004","0","0","Boruta"
"vsurf.time78","3.89999999999998","0.247999999999999","29.4469999999999","0.0109999999999957","0.0129999999999999","VSURF"
"varselrf.time78","2.19","0.0119999999999969","4.46099999999979","0","0","VarSelRF"
"pimp.time78","0.00799999999998136","0.0149999999999988","6.05899999999997","7.74299999999999","0.478","PIMP"
"aucrf.time78","0.248999999999967","0.0200000000000031","0.675000000000182","0","0","AUCRF"
"efs.time78","6.16399999999999","0.143000000000001","13.066","0","0","EFS"
"rfe.time78","0.113","0.00499999999999901","0.481999999999971","0","0","RFE"
"vita.time78","0.298000000000002","0.0240000000000009","0.753999999999905","0","0","Vita"
"perm.time78","0.0900000000000318","0.00400000000000134","0.213000000000193","0","0","Perm"
"binom.rf.time79","0.0310000000000059","0","0.06899999999996","0","0","BinomialRF"
"boruta.time79","3.44799999999998","0.138000000000002","1.49900000000002","0","0","Boruta"
"vsurf.time79","3.06299999999999","0.173","29.9959999999999","0.0109999999999957","0.0129999999999999","VSURF"
"varselrf.time79","2.18000000000001","0.00700000000000145","5.875","0","0","VarSelRF"
"pimp.time79","0.007000000000005","0.00799999999999912","5.90299999999979","3.809","0.207000000000001","PIMP"
"aucrf.time79","0.242000000000019","0.0180000000000007","0.567999999999984","0","0","AUCRF"
"efs.time79","6.24099999999999","0.149000000000001","12.6500000000001","0","0","EFS"
"rfe.time79","0.114000000000033","0.00400000000000134","0.192000000000007","0","0","RFE"
"vita.time79","0.301000000000045","0.0259999999999998","0.90300000000002","0","0","Vita"
"perm.time79","0.0910000000000082","0.00399999999999778","0.201000000000022","0","0","Perm"
"binom.rf.time80","0.0310000000000059","0","0.107999999999947","0","0","BinomialRF"
"boruta.time80","7.08299999999997","0.286999999999999","3.51800000000003","0","0","Boruta"
"vsurf.time80","3.63100000000003","0.233000000000001","31.9470000000001","0.00999999999999091","0.0129999999999999","VSURF"
"varselrf.time80","2.11700000000002","0.00600000000000023","4.42799999999988","0","0","VarSelRF"
"pimp.time80","0.00799999999998136","0.0069999999999979","5.44899999999984","5.73500000000001","0.299000000000001","PIMP"
"aucrf.time80","0.240999999999985","0.0199999999999996","0.608999999999924","0","0","AUCRF"
"efs.time80","5.79700000000003","0.158000000000001","11.873","0","0","EFS"
"rfe.time80","0.110000000000014","0.00499999999999901","0.324000000000069","0","0","RFE"
"vita.time80","0.278999999999996","0.0219999999999985","0.65300000000002","0","0","Vita"
"perm.time80","0.0870000000000459","0.00399999999999778","0.192000000000007","0","0","Perm"
"binom.rf.time81","0.0319999999999823","0.000999999999999446","0.131000000000085","0","0","BinomialRF"
"boruta.time81","4.06200000000001","0.214","1.9079999999999","0","0","Boruta"
"vsurf.time81","3.69","0.241","30.355","0.00999999999999091","0.0129999999999999","VSURF"
"varselrf.time81","2.15999999999997","0.0119999999999987","6.83500000000004","0","0","VarSelRF"
"pimp.time81","0.0080000000000382","0.00700000000000145","5.29999999999995","5.67600000000002","0.288","PIMP"
"aucrf.time81","0.240999999999985","0.0180000000000007","0.744000000000142","0","0","AUCRF"
"efs.time81","6.32299999999998","0.147","12.3789999999999","0","0","EFS"
"rfe.time81","0.115000000000009","0.00399999999999956","0.123000000000047","0","0","RFE"
"vita.time81","0.300999999999988","0.0250000000000004","0.73700000000008","0","0","Vita"
"perm.time81","0.089999999999975","0.00300000000000011","0.221000000000004","0","0","Perm"
"binom.rf.time82","0.0470000000000255","0","0.0659999999998035","0","0","BinomialRF"
"boruta.time82","7.39100000000002","0.303000000000001","3.40800000000013","0","0","Boruta"
"vsurf.time82","4.57899999999995","0.309999999999999","33.7779999999998","0.0100000000000193","0.0120000000000005","VSURF"
"varselrf.time82","2.16400000000004","0.00899999999999679","4.30299999999988","0","0","VarSelRF"
"pimp.time82","0.00799999999998136","0.0190000000000019","5.61799999999994","7.649","0.401","PIMP"
"aucrf.time82","0.244000000000028","0.017000000000003","0.574000000000069","0","0","AUCRF"
"efs.time82","6.12200000000001","0.138999999999999","13.6800000000001","0","0","EFS"
"rfe.time82","0.120000000000005","0.00500000000000256","0.217000000000098","0","0","RFE"
"vita.time82","0.295999999999992","0.0250000000000021","0.673000000000002","0","0","Vita"
"perm.time82","0.0869999999999891","0.00300000000000011","0.130000000000109","0","0","Perm"
"binom.rf.time83","0.0309999999999491","0","0.0629999999998745","0","0","BinomialRF"
"boruta.time83","6.13200000000001","0.216000000000001","3.14099999999985","0","0","Boruta"
"vsurf.time83","4.53499999999997","0.273999999999997","32.5900000000001","0.0109999999999957","0.0129999999999999","VSURF"
"varselrf.time83","2.17099999999999","0.00900000000000034","4.45800000000008","0","0","VarSelRF"
"pimp.time83","0.00900000000001455","0.0180000000000007","5.923","7.48699999999999","0.368","PIMP"
"aucrf.time83","0.239000000000033","0.0169999999999995","0.4699999999998","0","0","AUCRF"
"efs.time83","5.98699999999997","0.154","14.289","0","0","EFS"
"rfe.time83","0.111000000000047","0.00400000000000134","0.259000000000015","0","0","RFE"
"vita.time83","0.298000000000002","0.0259999999999998","0.535000000000082","0","0","Vita"
"perm.time83","0.0879999999999654","0.00299999999999656","0.16800000000012","0","0","Perm"
"binom.rf.time84","0.0289999999999964","0.00100000000000122","0.0539999999998599","0","0","BinomialRF"
"boruta.time84","1.19000000000005","0.0339999999999989","0.763000000000147","0","0","Boruta"
"vsurf.time84","3.80799999999999","0.221","28.576","0.00999999999999091","0.0129999999999999","VSURF"
"varselrf.time84","2.19899999999996","0.0100000000000016","4.41499999999996","0","0","VarSelRF"
"pimp.time84","0.00799999999998136","0.00600000000000023","6.46800000000007","5.679","0.280000000000001","PIMP"
"aucrf.time84","0.242999999999995","0.0190000000000019","0.482999999999947","0","0","AUCRF"
"efs.time84","6.15799999999996","0.151","14.5640000000001","0","0","EFS"
"rfe.time84","0.115999999999985","0.00500000000000256","0.342999999999847","0","0","RFE"
"vita.time84","0.295999999999992","0.0239999999999974","0.613000000000056","0","0","Vita"
"perm.time84","0.0880000000000223","0.00399999999999778","0.17899999999986","0","0","Perm"
"binom.rf.time85","0.0310000000000059","0.000999999999999446","0.0339999999998781","0","0","BinomialRF"
"boruta.time85","4.24200000000002","0.193","1.97000000000003","0","0","Boruta"
"vsurf.time85","0.969000000000051","0.0210000000000008","25.3790000000001","0.0109999999999957","0.0129999999999999","VSURF"
"varselrf.time85","2.16500000000002","0.0120000000000005","4.41000000000008","0","0","VarSelRF"
"pimp.time85","0.00799999999998136","0.0190000000000001","4.85799999999995","5.703","0.289","PIMP"
"aucrf.time85","0.242999999999995","0.0180000000000007","0.579999999999927","0","0","AUCRF"
"efs.time85","6.125","0.149000000000001","15.4789999999998","0","0","EFS"
"rfe.time85","0.117000000000019","0.00400000000000134","0.270999999999958","0","0","RFE"
"vita.time85","0.298000000000002","0.0279999999999987","0.501999999999953","0","0","Vita"
"perm.time85","0.0889999999999986","0.00399999999999956","0.196999999999889","0","0","Perm"
"binom.rf.time86","0.0319999999999823","0.000999999999997669","0.0639999999998508","0","0","BinomialRF"
"boruta.time86","2.78400000000005","0.108999999999998","1.29399999999987","0","0","Boruta"
"vsurf.time86","3.613","0.257999999999999","27.6299999999999","0.00999999999999091","0.0120000000000005","VSURF"
"varselrf.time86","2.11399999999998","0.0120000000000005","4.21599999999989","0","0","VarSelRF"
"pimp.time86","0.00799999999998136","0.0180000000000007","5.71600000000012","7.67500000000001","0.381","PIMP"
"aucrf.time86","0.233000000000004","0.0199999999999996","0.548999999999978","0","0","AUCRF"
"efs.time86","5.84800000000001","0.146000000000001","10.5700000000002","0","0","EFS"
"rfe.time86","0.11099999999999","0.00700000000000145","0.56899999999996","0","0","RFE"
"vita.time86","0.29000000000002","0.022000000000002","0.701999999999998","0","0","Vita"
"perm.time86","0.0860000000000127","0.00300000000000011","0.20699999999988","0","0","Perm"
"binom.rf.time87","0.0319999999999823","0.00100000000000122","0.158999999999878","0","0","BinomialRF"
"boruta.time87","7.01799999999997","0.233000000000001","3.82199999999989","0","0","Boruta"
"vsurf.time87","4.702","0.304000000000002","32.066","0.00999999999999091","0.0120000000000005","VSURF"
"varselrf.time87","2.17899999999997","0.0069999999999979","4.80899999999997","0","0","VarSelRF"
"pimp.time87","0.00799999999998136","0.00600000000000023","6.55100000000016","3.81200000000001","0.197999999999999","PIMP"
"aucrf.time87","0.245000000000005","0.0180000000000007","0.492999999999938","0","0","AUCRF"
"efs.time87","6.13899999999995","0.149000000000001","12.307","0","0","EFS"
"rfe.time87","0.115999999999985","0.00499999999999901","0.134000000000015","0","0","RFE"
"vita.time87","0.300000000000011","0.0269999999999975","0.720000000000027","0","0","Vita"
"perm.time87","0.0909999999999513","0.00400000000000134","0.166999999999916","0","0","Perm"
"binom.rf.time88","0.0339999999999918","0","0.04099999999994","0","0","BinomialRF"
"boruta.time88","4.24599999999998","0.138999999999999","2.35899999999992","0","0","Boruta"
"vsurf.time88","4.58500000000004","0.296000000000003","31.527","0.0109999999999957","0.0120000000000005","VSURF"
"varselrf.time88","2.17099999999999","0.0069999999999979","4.85000000000014","0","0","VarSelRF"
"pimp.time88","0.0080000000000382","0.00700000000000145","7.28499999999985","1.90600000000001","0.105","PIMP"
"aucrf.time88","0.246000000000038","0.0199999999999996","0.51299999999992","0","0","AUCRF"
"efs.time88","6.13500000000005","0.149000000000001","12.836","0","0","EFS"
"rfe.time88","0.113","0.00400000000000134","0.130000000000109","0","0","RFE"
"vita.time88","0.300000000000011","0.0249999999999986","0.932000000000016","0","0","Vita"
"perm.time88","0.089999999999975","0.00300000000000011","0.176999999999907","0","0","Perm"
"binom.rf.time89","0.0310000000000059","0.00100000000000122","0.107999999999947","0","0","BinomialRF"
"boruta.time89","4.31600000000003","0.167999999999999","1.82099999999991","0","0","Boruta"
"vsurf.time89","3.95800000000003","0.259","32.4660000000001","0.0109999999999957","0.0120000000000005","VSURF"
"varselrf.time89","2.245","0.0120000000000005","3.92799999999988","0","0","VarSelRF"
"pimp.time89","0.0080000000000382","0.0150000000000006","4.55700000000002","7.66399999999999","0.380999999999998","PIMP"
"aucrf.time89","0.246999999999957","0.0180000000000007","0.598000000000184","0","0","AUCRF"
"efs.time89","6.423","0.16","17.338","0","0","EFS"
"rfe.time89","0.119000000000028","0.00499999999999901","0.264999999999873","0","0","RFE"
"vita.time89","0.300000000000011","0.022000000000002","0.329999999999927","0","0","Vita"
"perm.time89","0.0929999999999609","0.00300000000000011","0.222999999999956","0","0","Perm"
"binom.rf.time90","0.0320000000000391","0.00100000000000122","0.506000000000085","0","0","BinomialRF"
"boruta.time90","7.29999999999995","0.32","3.42999999999984","0","0","Boruta"
"vsurf.time90","4.81299999999999","0.311999999999998","34.779","0.00999999999999091","0.0119999999999987","VSURF"
"varselrf.time90","2.24200000000002","0.0120000000000005","4.63699999999994","0","0","VarSelRF"
"pimp.time90","0.00799999999998136","0.017000000000003","5.74199999999996","7.67599999999999","0.379000000000001","PIMP"
"aucrf.time90","0.250999999999976","0.0179999999999971","0.589999999999918","0","0","AUCRF"
"efs.time90","6.42899999999997","0.150000000000002","15.6479999999999","0","0","EFS"
"rfe.time90","0.115999999999985","0.00500000000000256","0.191000000000031","0","0","RFE"
"vita.time90","0.30600000000004","0.0240000000000009","0.687000000000126","0","0","Vita"
"perm.time90","0.0910000000000082","0.00400000000000134","0.186999999999898","0","0","Perm"
"binom.rf.time91","0.0310000000000059","0","0.0319999999999254","0","0","BinomialRF"
"boruta.time91","1.39600000000002","0.0649999999999977","0.586000000000013","0","0","Boruta"
"vsurf.time91","2.94400000000002","0.189","27.6869999999999","0.0109999999999957","0.0120000000000005","VSURF"
"varselrf.time91","2.19400000000002","0.00900000000000034","4.15000000000009","0","0","VarSelRF"
"pimp.time91","0.00799999999998136","0.00700000000000145","6.68799999999987","5.71000000000001","0.301","PIMP"
"aucrf.time91","0.245000000000005","0.0210000000000008","0.689000000000078","0","0","AUCRF"
"efs.time91","6.19","0.143000000000001","11.4380000000001","0","0","EFS"
"rfe.time91","0.113999999999976","0.00600000000000023","0.405999999999949","0","0","RFE"
"vita.time91","0.294999999999959","0.0239999999999974","0.773000000000138","0","0","Vita"
"perm.time91","0.0879999999999654","0.00300000000000011","0.208000000000084","0","0","Perm"
"binom.rf.time92","0.0289999999999964","0.00100000000000122","0.0299999999999727","0","0","BinomialRF"
"boruta.time92","6.78100000000001","0.289999999999999","3.26099999999997","0","0","Boruta"
"vsurf.time92","3.69499999999999","0.256999999999998","29.931","0.0109999999999957","0.0129999999999999","VSURF"
"varselrf.time92","2.20100000000002","0.0120000000000005","4.38400000000001","0","0","VarSelRF"
"pimp.time92","0.00900000000001455","0.0069999999999979","5.03800000000001","3.83500000000001","0.195","PIMP"
"aucrf.time92","0.244000000000028","0.017000000000003","0.563000000000102","0","0","AUCRF"
"efs.time92","6.31900000000002","0.148000000000003","12.9159999999999","0","0","EFS"
"rfe.time92","0.115000000000009","0.00600000000000023","0.343999999999824","0","0","RFE"
"vita.time92","0.303999999999974","0.0259999999999998","0.480000000000018","0","0","Vita"
"perm.time92","0.089999999999975","0.00400000000000134","0.203999999999951","0","0","Perm"
"binom.rf.time93","0.0310000000000059","0.00100000000000122","0.144999999999982","0","0","BinomialRF"
"boruta.time93","3.06900000000002","0.115000000000002","1.33799999999997","0","0","Boruta"
"vsurf.time93","4.68799999999999","0.291999999999998","29.9660000000001","0.0109999999999957","0.0150000000000006","VSURF"
"varselrf.time93","2.173","0.00700000000000145","4.87400000000002","0","0","VarSelRF"
"pimp.time93","0.00899999999995771","0.0199999999999996","5.30199999999991","7.63600000000002","0.401999999999999","PIMP"
"aucrf.time93","0.249000000000024","0.0180000000000007","0.600000000000136","0","0","AUCRF"
"efs.time93","6.233","0.157","16.809","0","0","EFS"
"rfe.time93","0.115000000000009","0.00500000000000256","0.231999999999971","0","0","RFE"
"vita.time93","0.298999999999978","0.027000000000001","0.643000000000029","0","0","Vita"
"perm.time93","0.0900000000000318","0.00400000000000134","0.224999999999909","0","0","Perm"
"binom.rf.time94","0.0310000000000059","0","0.0419999999999163","0","0","BinomialRF"
"boruta.time94","7.02500000000003","0.300000000000001","3.34999999999991","0","0","Boruta"
"vsurf.time94","5.315","0.358000000000001","32.2189999999998","0.0110000000000241","0.0129999999999999","VSURF"
"varselrf.time94","2.10500000000002","0.00900000000000034","4.81100000000015","0","0","VarSelRF"
"pimp.time94","0.0080000000000382","0.0179999999999971","5.52200000000016","7.59999999999999","0.388","PIMP"
"aucrf.time94","0.236000000000047","0.0190000000000019","0.55600000000004","0","0","AUCRF"
"efs.time94","5.90699999999998","0.148999999999997","12.5590000000002","0","0","EFS"
"rfe.time94","0.109000000000037","0.00400000000000134","0.202999999999975","0","0","RFE"
"vita.time94","0.283999999999992","0.022000000000002","0.522000000000162","0","0","Vita"
"perm.time94","0.0860000000000127","0.00300000000000011","0.194999999999936","0","0","Perm"
"binom.rf.time95","0.0319999999999823","0","0.118000000000166","0","0","BinomialRF"
"boruta.time95","3.52000000000004","0.163","1.47000000000003","0","0","Boruta"
"vsurf.time95","0.975999999999999","0.0229999999999997","27.4760000000001","0.00999999999999091","0.0129999999999999","VSURF"
"varselrf.time95","2.16699999999997","0.00600000000000023","3.53200000000015","0","0","VarSelRF"
"pimp.time95","0.00899999999995771","0.0169999999999995","4.2510000000002","7.63400000000001","0.397","PIMP"
"aucrf.time95","0.25","0.0199999999999996","0.979999999999791","0","0","AUCRF"
"efs.time95","6.29199999999997","0.151","13.029","0","0","EFS"
"rfe.time95","0.118999999999971","0.00400000000000134","0.211999999999989","0","0","RFE"
"vita.time95","0.300999999999988","0.0250000000000021","0.538999999999987","0","0","Vita"
"perm.time95","0.0889999999999986","0.00400000000000134","0.192999999999984","0","0","Perm"
"binom.rf.time96","0.0310000000000059","0.00100000000000122","0.151999999999816","0","0","BinomialRF"
"boruta.time96","5.20299999999997","0.204000000000001","2.21500000000015","0","0","Boruta"
"vsurf.time96","4.40199999999999","0.303999999999998","33.0439999999999","0.00999999999999091","0.0130000000000017","VSURF"
"varselrf.time96","2.14100000000002","0.00999999999999801","4.22499999999991","0","0","VarSelRF"
"pimp.time96","0.00799999999998136","0.014999999999997","4.64699999999993","7.63500000000002","0.370999999999999","PIMP"
"aucrf.time96","0.240000000000009","0.0180000000000007","0.606999999999971","0","0","AUCRF"
"efs.time96","6.06599999999997","0.145","9.88300000000004","0","0","EFS"
"rfe.time96","0.113","0.00500000000000256","0.361000000000104","0","0","RFE"
"vita.time96","0.284999999999968","0.0229999999999997","0.355999999999995","0","0","Vita"
"perm.time96","0.0889999999999986","0.00300000000000011","0.195999999999913","0","0","Perm"
"binom.rf.time97","0.0310000000000059","0","0.0599999999999454","0","0","BinomialRF"
"boruta.time97","6.96499999999997","0.275000000000002","2.99900000000002","0","0","Boruta"
"vsurf.time97","5.28100000000001","0.335000000000001","29.114","0.00999999999999091","0.0120000000000005","VSURF"
"varselrf.time97","1.762","0.00400000000000134","1.77500000000009","0","0","VarSelRF"
"pimp.time97","0.00699999999994816","0.0160000000000018","3.23199999999997","7.60399999999998","0.368","PIMP"
"aucrf.time97","0.191000000000031","0.0129999999999981","0.204999999999927","0","0","AUCRF"
"efs.time97","5.21800000000002","0.140999999999998","7.23299999999995","0","0","EFS"
"rfe.time97","0.0910000000000082","0.00300000000000011","0.0950000000000273","0","0","RFE"
"vita.time97","0.21999999999997","0.0189999999999984","0.245000000000118","0","0","Vita"
"perm.time97","0.0769999999999982","0.00600000000000023","0.243000000000166","0","0","Perm"
"binom.rf.time98","0.0310000000000059","0.000999999999997669","0.107999999999947","0","0","BinomialRF"
"boruta.time98","6.863","0.416999999999998","2.52800000000002","0","0","Boruta"
"vsurf.time98","3.64400000000001","0.231999999999999","22.336","0.00999999999999091","0.0129999999999999","VSURF"
"varselrf.time98","1.75999999999999","0.00600000000000023","1.78999999999996","0","0","VarSelRF"
"pimp.time98","0.007000000000005","0.00700000000000145","2.654","5.72","0.263999999999999","PIMP"
"aucrf.time98","0.187000000000012","0.0129999999999981","0.200000000000045","0","0","AUCRF"
"efs.time98","4.74099999999999","0.102999999999998","4.86599999999999","0","0","EFS"
"rfe.time98","0.0870000000000459","0.00300000000000011","0.0900000000001455","0","0","RFE"
"vita.time98","0.225999999999999","0.0190000000000019","0.250999999999976","0","0","Vita"
"perm.time98","0.0699999999999932","0.00199999999999889","0.0720000000001164","0","0","Perm"
